,State,Year,Age-Group KFF,Deaths KFF
0,Alabama,2009,0-24,28.0
1,Alaska,2009,0-24,12.0
2,Arizona,2009,0-24,81.0
3,Arkansas,2009,0-24,32.0
4,California,2009,0-24,155.0
5,Colorado,2009,0-24,52.0
6,Connecticut,2009,0-24,27.0
7,Delaware,2009,0-24,12.0
8,District of Columbia,2009,0-24,
9,Florida,2009,0-24,175.0
10,Georgia,2009,0-24,55.0
11,Hawaii,2009,0-24,
12,Idaho,2009,0-24,
13,Illinois,2009,0-24,127.0
14,Indiana,2009,0-24,42.0
15,Iowa,2009,0-24,15.0
16,Kansas,2009,0-24,17.0
17,Kentucky,2009,0-24,31.0
18,Louisiana,2009,0-24,12.0
19,Maine,2009,0-24,10.0
20,Maryland,2009,0-24,62.0
21,Massachusetts,2009,0-24,62.0
22,Michigan,2009,0-24,70.0
23,Minnesota,2009,0-24,38.0
24,Mississippi,2009,0-24,
25,Missouri,2009,0-24,81.0
26,Montana,2009,0-24,
27,Nebraska,2009,0-24,
28,Nevada,2009,0-24,51.0
29,New Hampshire,2009,0-24,15.0
30,New Jersey,2009,0-24,
31,New Mexico,2009,0-24,35.0
32,New York,2009,0-24,117.0
33,North Carolina,2009,0-24,113.0
34,North Dakota,2009,0-24,
35,Ohio,2009,0-24,55.0
36,Oklahoma,2009,0-24,59.0
37,Oregon,2009,0-24,29.0
38,Pennsylvania,2009,0-24,92.0
39,Rhode Island,2009,0-24,14.0
40,South Carolina,2009,0-24,25.0
41,South Dakota,2009,0-24,
42,Tennessee,2009,0-24,56.0
43,Texas,2009,0-24,161.0
44,Utah,2009,0-24,45.0
45,Vermont,2009,0-24,
46,Virginia,2009,0-24,49.0
47,Washington,2009,0-24,57.0
48,West Virginia,2009,0-24,11.0
49,Wisconsin,2009,0-24,47.0
50,Wyoming,2009,0-24,
51,Alabama,2010,0-24,24.0
52,Alaska,2010,0-24,
53,Arizona,2010,0-24,86.0
54,Arkansas,2010,0-24,30.0
55,California,2010,0-24,201.0
56,Colorado,2010,0-24,38.0
57,Connecticut,2010,0-24,25.0
58,Delaware,2010,0-24,
59,District of Columbia,2010,0-24,
60,Florida,2010,0-24,171.0
61,Georgia,2010,0-24,74.0
62,Hawaii,2010,0-24,
63,Idaho,2010,0-24,
64,Illinois,2010,0-24,126.0
65,Indiana,2010,0-24,42.0
66,Iowa,2010,0-24,15.0
67,Kansas,2010,0-24,15.0
68,Kentucky,2010,0-24,51.0
69,Louisiana,2010,0-24,16.0
70,Maine,2010,0-24,
71,Maryland,2010,0-24,62.0
72,Massachusetts,2010,0-24,56.0
73,Michigan,2010,0-24,85.0
74,Minnesota,2010,0-24,29.0
75,Mississippi,2010,0-24,
76,Missouri,2010,0-24,83.0
77,Montana,2010,0-24,
78,Nebraska,2010,0-24,
79,Nevada,2010,0-24,46.0
80,New Hampshire,2010,0-24,
81,New Jersey,2010,0-24,58.0
82,New Mexico,2010,0-24,29.0
83,New York,2010,0-24,127.0
84,North Carolina,2010,0-24,79.0
85,North Dakota,2010,0-24,
86,Ohio,2010,0-24,113.0
87,Oklahoma,2010,0-24,47.0
88,Oregon,2010,0-24,32.0
89,Pennsylvania,2010,0-24,102.0
90,Rhode Island,2010,0-24,
91,South Carolina,2010,0-24,27.0
92,South Dakota,2010,0-24,
93,Tennessee,2010,0-24,62.0
94,Texas,2010,0-24,186.0
95,Utah,2010,0-24,59.0
96,Vermont,2010,0-24,
97,Virginia,2010,0-24,44.0
98,Washington,2010,0-24,62.0
99,West Virginia,2010,0-24,43.0
100,Wisconsin,2010,0-24,41.0
101,Wyoming,2010,0-24,
102,Alabama,2011,0-24,23.0
103,Alaska,2011,0-24,
104,Arizona,2011,0-24,77.0
105,Arkansas,2011,0-24,21.0
106,California,2011,0-24,208.0
107,Colorado,2011,0-24,58.0
108,Connecticut,2011,0-24,34.0
109,Delaware,2011,0-24,15.0
110,District of Columbia,2011,0-24,
111,Florida,2011,0-24,121.0
112,Georgia,2011,0-24,70.0
113,Hawaii,2011,0-24,
114,Idaho,2011,0-24,11.0
115,Illinois,2011,0-24,127.0
116,Indiana,2011,0-24,39.0
117,Iowa,2011,0-24,21.0
118,Kansas,2011,0-24,11.0
119,Kentucky,2011,0-24,48.0
120,Louisiana,2011,0-24,
121,Maine,2011,0-24,
122,Maryland,2011,0-24,68.0
123,Massachusetts,2011,0-24,69.0
124,Michigan,2011,0-24,83.0
125,Minnesota,2011,0-24,34.0
126,Mississippi,2011,0-24,
127,Missouri,2011,0-24,74.0
128,Montana,2011,0-24,
129,Nebraska,2011,0-24,
130,Nevada,2011,0-24,57.0
131,New Hampshire,2011,0-24,17.0
132,New Jersey,2011,0-24,72.0
133,New Mexico,2011,0-24,32.0
134,New York,2011,0-24,173.0
135,North Carolina,2011,0-24,92.0
136,North Dakota,2011,0-24,
137,Ohio,2011,0-24,111.0
138,Oklahoma,2011,0-24,54.0
139,Oregon,2011,0-24,38.0
140,Pennsylvania,2011,0-24,106.0
141,Rhode Island,2011,0-24,
142,South Carolina,2011,0-24,30.0
143,South Dakota,2011,0-24,
144,Tennessee,2011,0-24,48.0
145,Texas,2011,0-24,217.0
146,Utah,2011,0-24,59.0
147,Vermont,2011,0-24,
148,Virginia,2011,0-24,72.0
149,Washington,2011,0-24,60.0
150,West Virginia,2011,0-24,33.0
151,Wisconsin,2011,0-24,64.0
152,Wyoming,2011,0-24,
153,Alabama,2012,0-24,18.0
154,Alaska,2012,0-24,13.0
155,Arizona,2012,0-24,61.0
156,Arkansas,2012,0-24,25.0
157,California,2012,0-24,170.0
158,Colorado,2012,0-24,44.0
159,Connecticut,2012,0-24,25.0
160,Delaware,2012,0-24,11.0
161,District of Columbia,2012,0-24,
162,Florida,2012,0-24,87.0
163,Georgia,2012,0-24,50.0
164,Hawaii,2012,0-24,
165,Idaho,2012,0-24,
166,Illinois,2012,0-24,160.0
167,Indiana,2012,0-24,57.0
168,Iowa,2012,0-24,14.0
169,Kansas,2012,0-24,22.0
170,Kentucky,2012,0-24,55.0
171,Louisiana,2012,0-24,22.0
172,Maine,2012,0-24,
173,Maryland,2012,0-24,76.0
174,Massachusetts,2012,0-24,53.0
175,Michigan,2012,0-24,77.0
176,Minnesota,2012,0-24,44.0
177,Mississippi,2012,0-24,
178,Missouri,2012,0-24,49.0
179,Montana,2012,0-24,
180,Nebraska,2012,0-24,
181,Nevada,2012,0-24,38.0
182,New Hampshire,2012,0-24,14.0
183,New Jersey,2012,0-24,80.0
184,New Mexico,2012,0-24,30.0
185,New York,2012,0-24,174.0
186,North Carolina,2012,0-24,92.0
187,North Dakota,2012,0-24,
188,Ohio,2012,0-24,125.0
189,Oklahoma,2012,0-24,48.0
190,Oregon,2012,0-24,34.0
191,Pennsylvania,2012,0-24,105.0
192,Rhode Island,2012,0-24,10.0
193,South Carolina,2012,0-24,28.0
194,South Dakota,2012,0-24,
195,Tennessee,2012,0-24,51.0
196,Texas,2012,0-24,169.0
197,Utah,2012,0-24,42.0
198,Vermont,2012,0-24,
199,Virginia,2012,0-24,54.0
200,Washington,2012,0-24,67.0
201,West Virginia,2012,0-24,18.0
202,Wisconsin,2012,0-24,44.0
203,Wyoming,2012,0-24,
204,Alabama,2013,0-24,20.0
205,Alaska,2013,0-24,
206,Arizona,2013,0-24,69.0
207,Arkansas,2013,0-24,24.0
208,California,2013,0-24,177.0
209,Colorado,2013,0-24,67.0
210,Connecticut,2013,0-24,45.0
211,Delaware,2013,0-24,
212,District of Columbia,2013,0-24,
213,Florida,2013,0-24,84.0
214,Georgia,2013,0-24,53.0
215,Hawaii,2013,0-24,
216,Idaho,2013,0-24,
217,Illinois,2013,0-24,141.0
218,Indiana,2013,0-24,49.0
219,Iowa,2013,0-24,24.0
220,Kansas,2013,0-24,17.0
221,Kentucky,2013,0-24,56.0
222,Louisiana,2013,0-24,29.0
223,Maine,2013,0-24,
224,Maryland,2013,0-24,71.0
225,Massachusetts,2013,0-24,75.0
226,Michigan,2013,0-24,99.0
227,Minnesota,2013,0-24,34.0
228,Mississippi,2013,0-24,
229,Missouri,2013,0-24,67.0
230,Montana,2013,0-24,
231,Nebraska,2013,0-24,
232,Nevada,2013,0-24,34.0
233,New Hampshire,2013,0-24,17.0
234,New Jersey,2013,0-24,95.0
235,New Mexico,2013,0-24,34.0
236,New York,2013,0-24,208.0
237,North Carolina,2013,0-24,74.0
238,North Dakota,2013,0-24,
239,Ohio,2013,0-24,130.0
240,Oklahoma,2013,0-24,48.0
241,Oregon,2013,0-24,22.0
242,Pennsylvania,2013,0-24,112.0
243,Rhode Island,2013,0-24,13.0
244,South Carolina,2013,0-24,12.0
245,South Dakota,2013,0-24,
246,Tennessee,2013,0-24,53.0
247,Texas,2013,0-24,149.0
248,Utah,2013,0-24,55.0
249,Vermont,2013,0-24,
250,Virginia,2013,0-24,59.0
251,Washington,2013,0-24,51.0
252,West Virginia,2013,0-24,32.0
253,Wisconsin,2013,0-24,83.0
254,Wyoming,2013,0-24,
255,Alabama,2014,0-24,25.0
256,Alaska,2014,0-24,12.0
257,Arizona,2014,0-24,62.0
258,Arkansas,2014,0-24,17.0
259,California,2014,0-24,178.0
260,Colorado,2014,0-24,46.0
261,Connecticut,2014,0-24,45.0
262,Delaware,2014,0-24,
263,District of Columbia,2014,0-24,
264,Florida,2014,0-24,99.0
265,Georgia,2014,0-24,89.0
266,Hawaii,2014,0-24,
267,Idaho,2014,0-24,
268,Illinois,2014,0-24,127.0
269,Indiana,2014,0-24,58.0
270,Iowa,2014,0-24,21.0
271,Kansas,2014,0-24,18.0
272,Kentucky,2014,0-24,51.0
273,Louisiana,2014,0-24,23.0
274,Maine,2014,0-24,11.0
275,Maryland,2014,0-24,93.0
276,Massachusetts,2014,0-24,103.0
277,Michigan,2014,0-24,103.0
278,Minnesota,2014,0-24,34.0
279,Mississippi,2014,0-24,16.0
280,Missouri,2014,0-24,76.0
281,Montana,2014,0-24,
282,Nebraska,2014,0-24,
283,Nevada,2014,0-24,34.0
284,New Hampshire,2014,0-24,31.0
285,New Jersey,2014,0-24,91.0
286,New Mexico,2014,0-24,31.0
287,New York,2014,0-24,200.0
288,North Carolina,2014,0-24,93.0
289,North Dakota,2014,0-24,
290,Ohio,2014,0-24,194.0
291,Oklahoma,2014,0-24,34.0
292,Oregon,2014,0-24,32.0
293,Pennsylvania,2014,0-24,169.0
294,Rhode Island,2014,0-24,11.0
295,South Carolina,2014,0-24,40.0
296,South Dakota,2014,0-24,
297,Tennessee,2014,0-24,49.0
298,Texas,2014,0-24,143.0
299,Utah,2014,0-24,36.0
300,Vermont,2014,0-24,
301,Virginia,2014,0-24,73.0
302,Washington,2014,0-24,58.0
303,West Virginia,2014,0-24,32.0
304,Wisconsin,2014,0-24,67.0
305,Wyoming,2014,0-24,
306,Alabama,2015,0-24,25.0
307,Alaska,2015,0-24,16.0
308,Arizona,2015,0-24,79.0
309,Arkansas,2015,0-24,18.0
310,California,2015,0-24,179.0
311,Colorado,2015,0-24,43.0
312,Connecticut,2015,0-24,63.0
313,Delaware,2015,0-24,12.0
314,District of Columbia,2015,0-24,
315,Florida,2015,0-24,160.0
316,Georgia,2015,0-24,94.0
317,Hawaii,2015,0-24,
318,Idaho,2015,0-24,11.0
319,Illinois,2015,0-24,156.0
320,Indiana,2015,0-24,69.0
321,Iowa,2015,0-24,16.0
322,Kansas,2015,0-24,
323,Kentucky,2015,0-24,58.0
324,Louisiana,2015,0-24,23.0
325,Maine,2015,0-24,17.0
326,Maryland,2015,0-24,87.0
327,Massachusetts,2015,0-24,154.0
328,Michigan,2015,0-24,123.0
329,Minnesota,2015,0-24,34.0
330,Mississippi,2015,0-24,
331,Missouri,2015,0-24,84.0
332,Montana,2015,0-24,
333,Nebraska,2015,0-24,
334,Nevada,2015,0-24,34.0
335,New Hampshire,2015,0-24,41.0
336,New Jersey,2015,0-24,105.0
337,New Mexico,2015,0-24,32.0
338,New York,2015,0-24,245.0
339,North Carolina,2015,0-24,109.0
340,North Dakota,2015,0-24,
341,Ohio,2015,0-24,241.0
342,Oklahoma,2015,0-24,26.0
343,Oregon,2015,0-24,23.0
344,Pennsylvania,2015,0-24,168.0
345,Rhode Island,2015,0-24,23.0
346,South Carolina,2015,0-24,33.0
347,South Dakota,2015,0-24,
348,Tennessee,2015,0-24,71.0
349,Texas,2015,0-24,169.0
350,Utah,2015,0-24,39.0
351,Vermont,2015,0-24,
352,Virginia,2015,0-24,91.0
353,Washington,2015,0-24,53.0
354,West Virginia,2015,0-24,42.0
355,Wisconsin,2015,0-24,52.0
356,Wyoming,2015,0-24,
357,Alabama,2016,0-24,37.0
358,Alaska,2016,0-24,13.0
359,Arizona,2016,0-24,108.0
360,Arkansas,2016,0-24,13.0
361,California,2016,0-24,212.0
362,Colorado,2016,0-24,67.0
363,Connecticut,2016,0-24,60.0
364,Delaware,2016,0-24,13.0
365,District of Columbia,2016,0-24,
366,Florida,2016,0-24,246.0
367,Georgia,2016,0-24,80.0
368,Hawaii,2016,0-24,12.0
369,Idaho,2016,0-24,10.0
370,Illinois,2016,0-24,183.0
371,Indiana,2016,0-24,69.0
372,Iowa,2016,0-24,24.0
373,Kansas,2016,0-24,14.0
374,Kentucky,2016,0-24,76.0
375,Louisiana,2016,0-24,35.0
376,Maine,2016,0-24,25.0
377,Maryland,2016,0-24,141.0
378,Massachusetts,2016,0-24,165.0
379,Michigan,2016,0-24,153.0
380,Minnesota,2016,0-24,61.0
381,Mississippi,2016,0-24,13.0
382,Missouri,2016,0-24,116.0
383,Montana,2016,0-24,
384,Nebraska,2016,0-24,
385,Nevada,2016,0-24,39.0
386,New Hampshire,2016,0-24,55.0
387,New Jersey,2016,0-24,157.0
388,New Mexico,2016,0-24,38.0
389,New York,2016,0-24,319.0
390,North Carolina,2016,0-24,151.0
391,North Dakota,2016,0-24,
392,Ohio,2016,0-24,320.0
393,Oklahoma,2016,0-24,31.0
394,Oregon,2016,0-24,38.0
395,Pennsylvania,2016,0-24,245.0
396,Rhode Island,2016,0-24,22.0
397,South Carolina,2016,0-24,58.0
398,South Dakota,2016,0-24,
399,Tennessee,2016,0-24,88.0
400,Texas,2016,0-24,198.0
401,Utah,2016,0-24,41.0
402,Vermont,2016,0-24,
403,Virginia,2016,0-24,119.0
404,Washington,2016,0-24,61.0
405,West Virginia,2016,0-24,47.0
406,Wisconsin,2016,0-24,101.0
407,Wyoming,2016,0-24,
408,Alabama,2017,0-24,31.0
409,Alaska,2017,0-24,
410,Arizona,2017,0-24,118.0
411,Arkansas,2017,0-24,20.0
412,California,2017,0-24,208.0
413,Colorado,2017,0-24,57.0
414,Connecticut,2017,0-24,90.0
415,Delaware,2017,0-24,25.0
416,District of Columbia,2017,0-24,
417,Florida,2017,0-24,217.0
418,Georgia,2017,0-24,100.0
419,Hawaii,2017,0-24,
420,Idaho,2017,0-24,
421,Illinois,2017,0-24,181.0
422,Indiana,2017,0-24,115.0
423,Iowa,2017,0-24,28.0
424,Kansas,2017,0-24,17.0
425,Kentucky,2017,0-24,76.0
426,Louisiana,2017,0-24,26.0
427,Maine,2017,0-24,23.0
428,Maryland,2017,0-24,142.0
429,Massachusetts,2017,0-24,132.0
430,Michigan,2017,0-24,162.0
431,Minnesota,2017,0-24,57.0
432,Mississippi,2017,0-24,12.0
433,Missouri,2017,0-24,104.0
434,Montana,2017,0-24,
435,Nebraska,2017,0-24,
436,Nevada,2017,0-24,39.0
437,New Hampshire,2017,0-24,40.0
438,New Jersey,2017,0-24,193.0
439,New Mexico,2017,0-24,26.0
440,New York,2017,0-24,270.0
441,North Carolina,2017,0-24,215.0
442,North Dakota,2017,0-24,
443,Ohio,2017,0-24,336.0
444,Oklahoma,2017,0-24,25.0
445,Oregon,2017,0-24,40.0
446,Pennsylvania,2017,0-24,272.0
447,Rhode Island,2017,0-24,16.0
448,South Carolina,2017,0-24,64.0
449,South Dakota,2017,0-24,
450,Tennessee,2017,0-24,105.0
451,Texas,2017,0-24,175.0
452,Utah,2017,0-24,43.0
453,Vermont,2017,0-24,15.0
454,Virginia,2017,0-24,103.0
455,Washington,2017,0-24,68.0
456,West Virginia,2017,0-24,51.0
457,Wisconsin,2017,0-24,91.0
458,Wyoming,2017,0-24,
459,Alabama,2018,0-24,27.0
460,Alaska,2018,0-24,
461,Arizona,2018,0-24,185.0
462,Arkansas,2018,0-24,23.0
463,California,2018,0-24,226.0
464,Colorado,2018,0-24,60.0
465,Connecticut,2018,0-24,68.0
466,Delaware,2018,0-24,16.0
467,District of Columbia,2018,0-24,
468,Florida,2018,0-24,187.0
469,Georgia,2018,0-24,68.0
470,Hawaii,2018,0-24,
471,Idaho,2018,0-24,11.0
472,Illinois,2018,0-24,172.0
473,Indiana,2018,0-24,103.0
474,Iowa,2018,0-24,17.0
475,Kansas,2018,0-24,13.0
476,Kentucky,2018,0-24,72.0
477,Louisiana,2018,0-24,27.0
478,Maine,2018,0-24,12.0
479,Maryland,2018,0-24,119.0
480,Massachusetts,2018,0-24,113.0
481,Michigan,2018,0-24,129.0
482,Minnesota,2018,0-24,42.0
483,Mississippi,2018,0-24,
484,Missouri,2018,0-24,133.0
485,Montana,2018,0-24,
486,Nebraska,2018,0-24,
487,Nevada,2018,0-24,16.0
488,New Hampshire,2018,0-24,31.0
489,New Jersey,2018,0-24,197.0
490,New Mexico,2018,0-24,35.0
491,New York,2018,0-24,221.0
492,North Carolina,2018,0-24,167.0
493,North Dakota,2018,0-24,
494,Ohio,2018,0-24,232.0
495,Oklahoma,2018,0-24,25.0
496,Oregon,2018,0-24,20.0
497,Pennsylvania,2018,0-24,218.0
498,Rhode Island,2018,0-24,17.0
499,South Carolina,2018,0-24,77.0
500,South Dakota,2018,0-24,
501,Tennessee,2018,0-24,97.0
502,Texas,2018,0-24,149.0
503,Utah,2018,0-24,45.0
504,Vermont,2018,0-24,
505,Virginia,2018,0-24,90.0
506,Washington,2018,0-24,71.0
507,West Virginia,2018,0-24,48.0
508,Wisconsin,2018,0-24,56.0
509,Wyoming,2018,0-24,
510,Alabama,2009,25-34,55.0
511,Alaska,2009,25-34,14.0
512,Arizona,2009,25-34,133.0
513,Arkansas,2009,25-34,46.0
514,California,2009,25-34,295.0
515,Colorado,2009,25-34,96.0
516,Connecticut,2009,25-34,54.0
517,Delaware,2009,25-34,17.0
518,District of Columbia,2009,25-34,
519,Florida,2009,25-34,356.0
520,Georgia,2009,25-34,104.0
521,Hawaii,2009,25-34,
522,Idaho,2009,25-34,
523,Illinois,2009,25-34,216.0
524,Indiana,2009,25-34,64.0
525,Iowa,2009,25-34,37.0
526,Kansas,2009,25-34,26.0
527,Kentucky,2009,25-34,98.0
528,Louisiana,2009,25-34,30.0
529,Maine,2009,25-34,24.0
530,Maryland,2009,25-34,125.0
531,Massachusetts,2009,25-34,157.0
532,Michigan,2009,25-34,160.0
533,Minnesota,2009,25-34,43.0
534,Mississippi,2009,25-34,
535,Missouri,2009,25-34,139.0
536,Montana,2009,25-34,15.0
537,Nebraska,2009,25-34,
538,Nevada,2009,25-34,61.0
539,New Hampshire,2009,25-34,30.0
540,New Jersey,2009,25-34,
541,New Mexico,2009,25-34,36.0
542,New York,2009,25-34,197.0
543,North Carolina,2009,25-34,191.0
544,North Dakota,2009,25-34,
545,Ohio,2009,25-34,177.0
546,Oklahoma,2009,25-34,116.0
547,Oregon,2009,25-34,69.0
548,Pennsylvania,2009,25-34,169.0
549,Rhode Island,2009,25-34,14.0
550,South Carolina,2009,25-34,45.0
551,South Dakota,2009,25-34,
552,Tennessee,2009,25-34,113.0
553,Texas,2009,25-34,261.0
554,Utah,2009,25-34,105.0
555,Vermont,2009,25-34,
556,Virginia,2009,25-34,113.0
557,Washington,2009,25-34,129.0
558,West Virginia,2009,25-34,51.0
559,Wisconsin,2009,25-34,81.0
560,Wyoming,2009,25-34,
561,Alabama,2010,25-34,61.0
562,Alaska,2010,25-34,12.0
563,Arizona,2010,25-34,138.0
564,Arkansas,2010,25-34,53.0
565,California,2010,25-34,304.0
566,Colorado,2010,25-34,64.0
567,Connecticut,2010,25-34,38.0
568,Delaware,2010,25-34,
569,District of Columbia,2010,25-34,
570,Florida,2010,25-34,409.0
571,Georgia,2010,25-34,107.0
572,Hawaii,2010,25-34,
573,Idaho,2010,25-34,
574,Illinois,2010,25-34,219.0
575,Indiana,2010,25-34,88.0
576,Iowa,2010,25-34,28.0
577,Kansas,2010,25-34,18.0
578,Kentucky,2010,25-34,149.0
579,Louisiana,2010,25-34,31.0
580,Maine,2010,25-34,
581,Maryland,2010,25-34,120.0
582,Massachusetts,2010,25-34,143.0
583,Michigan,2010,25-34,154.0
584,Minnesota,2010,25-34,54.0
585,Mississippi,2010,25-34,
586,Missouri,2010,25-34,168.0
587,Montana,2010,25-34,16.0
588,Nebraska,2010,25-34,
589,Nevada,2010,25-34,71.0
590,New Hampshire,2010,25-34,
591,New Jersey,2010,25-34,71.0
592,New Mexico,2010,25-34,51.0
593,New York,2010,25-34,199.0
594,North Carolina,2010,25-34,172.0
595,North Dakota,2010,25-34,
596,Ohio,2010,25-34,264.0
597,Oklahoma,2010,25-34,109.0
598,Oregon,2010,25-34,71.0
599,Pennsylvania,2010,25-34,164.0
600,Rhode Island,2010,25-34,
601,South Carolina,2010,25-34,60.0
602,South Dakota,2010,25-34,
603,Tennessee,2010,25-34,141.0
604,Texas,2010,25-34,236.0
605,Utah,2010,25-34,95.0
606,Vermont,2010,25-34,
607,Virginia,2010,25-34,99.0
608,Washington,2010,25-34,106.0
609,West Virginia,2010,25-34,110.0
610,Wisconsin,2010,25-34,93.0
611,Wyoming,2010,25-34,11.0
612,Alabama,2011,25-34,40.0
613,Alaska,2011,25-34,
614,Arizona,2011,25-34,123.0
615,Arkansas,2011,25-34,46.0
616,California,2011,25-34,331.0
617,Colorado,2011,25-34,92.0
618,Connecticut,2011,25-34,53.0
619,Delaware,2011,25-34,33.0
620,District of Columbia,2011,25-34,
621,Florida,2011,25-34,393.0
622,Georgia,2011,25-34,121.0
623,Hawaii,2011,25-34,
624,Idaho,2011,25-34,15.0
625,Illinois,2011,25-34,263.0
626,Indiana,2011,25-34,97.0
627,Iowa,2011,25-34,38.0
628,Kansas,2011,25-34,29.0
629,Kentucky,2011,25-34,155.0
630,Louisiana,2011,25-34,
631,Maine,2011,25-34,
632,Maryland,2011,25-34,138.0
633,Massachusetts,2011,25-34,181.0
634,Michigan,2011,25-34,174.0
635,Minnesota,2011,25-34,53.0
636,Mississippi,2011,25-34,17.0
637,Missouri,2011,25-34,156.0
638,Montana,2011,25-34,
639,Nebraska,2011,25-34,16.0
640,Nevada,2011,25-34,86.0
641,New Hampshire,2011,25-34,34.0
642,New Jersey,2011,25-34,103.0
643,New Mexico,2011,25-34,53.0
644,New York,2011,25-34,315.0
645,North Carolina,2011,25-34,195.0
646,North Dakota,2011,25-34,
647,Ohio,2011,25-34,293.0
648,Oklahoma,2011,25-34,98.0
649,Oregon,2011,25-34,80.0
650,Pennsylvania,2011,25-34,222.0
651,Rhode Island,2011,25-34,
652,South Carolina,2011,25-34,56.0
653,South Dakota,2011,25-34,
654,Tennessee,2011,25-34,141.0
655,Texas,2011,25-34,274.0
656,Utah,2011,25-34,94.0
657,Vermont,2011,25-34,10.0
658,Virginia,2011,25-34,136.0
659,Washington,2011,25-34,132.0
660,West Virginia,2011,25-34,138.0
661,Wisconsin,2011,25-34,127.0
662,Wyoming,2011,25-34,
663,Alabama,2012,25-34,45.0
664,Alaska,2012,25-34,25.0
665,Arizona,2012,25-34,107.0
666,Arkansas,2012,25-34,37.0
667,California,2012,25-34,313.0
668,Colorado,2012,25-34,99.0
669,Connecticut,2012,25-34,50.0
670,Delaware,2012,25-34,21.0
671,District of Columbia,2012,25-34,
672,Florida,2012,25-34,275.0
673,Georgia,2012,25-34,123.0
674,Hawaii,2012,25-34,
675,Idaho,2012,25-34,
676,Illinois,2012,25-34,309.0
677,Indiana,2012,25-34,97.0
678,Iowa,2012,25-34,31.0
679,Kansas,2012,25-34,39.0
680,Kentucky,2012,25-34,151.0
681,Louisiana,2012,25-34,51.0
682,Maine,2012,25-34,
683,Maryland,2012,25-34,157.0
684,Massachusetts,2012,25-34,192.0
685,Michigan,2012,25-34,184.0
686,Minnesota,2012,25-34,70.0
687,Mississippi,2012,25-34,
688,Missouri,2012,25-34,147.0
689,Montana,2012,25-34,13.0
690,Nebraska,2012,25-34,12.0
691,Nevada,2012,25-34,71.0
692,New Hampshire,2012,25-34,37.0
693,New Jersey,2012,25-34,146.0
694,New Mexico,2012,25-34,69.0
695,New York,2012,25-34,363.0
696,North Carolina,2012,25-34,172.0
697,North Dakota,2012,25-34,
698,Ohio,2012,25-34,350.0
699,Oklahoma,2012,25-34,107.0
700,Oregon,2012,25-34,73.0
701,Pennsylvania,2012,25-34,261.0
702,Rhode Island,2012,25-34,29.0
703,South Carolina,2012,25-34,54.0
704,South Dakota,2012,25-34,10.0
705,Tennessee,2012,25-34,158.0
706,Texas,2012,25-34,268.0
707,Utah,2012,25-34,107.0
708,Vermont,2012,25-34,
709,Virginia,2012,25-34,132.0
710,Washington,2012,25-34,125.0
711,West Virginia,2012,25-34,110.0
712,Wisconsin,2012,25-34,131.0
713,Wyoming,2012,25-34,
714,Alabama,2013,25-34,53.0
715,Alaska,2013,25-34,
716,Arizona,2013,25-34,118.0
717,Arkansas,2013,25-34,39.0
718,California,2013,25-34,359.0
719,Colorado,2013,25-34,88.0
720,Connecticut,2013,25-34,113.0
721,Delaware,2013,25-34,
722,District of Columbia,2013,25-34,
723,Florida,2013,25-34,270.0
724,Georgia,2013,25-34,114.0
725,Hawaii,2013,25-34,
726,Idaho,2013,25-34,
727,Illinois,2013,25-34,286.0
728,Indiana,2013,25-34,106.0
729,Iowa,2013,25-34,31.0
730,Kansas,2013,25-34,33.0
731,Kentucky,2013,25-34,155.0
732,Louisiana,2013,25-34,72.0
733,Maine,2013,25-34,
734,Maryland,2013,25-34,198.0
735,Massachusetts,2013,25-34,246.0
736,Michigan,2013,25-34,232.0
737,Minnesota,2013,25-34,77.0
738,Mississippi,2013,25-34,
739,Missouri,2013,25-34,144.0
740,Montana,2013,25-34,12.0
741,Nebraska,2013,25-34,
742,Nevada,2013,25-34,75.0
743,New Hampshire,2013,25-34,35.0
744,New Jersey,2013,25-34,180.0
745,New Mexico,2013,25-34,59.0
746,New York,2013,25-34,399.0
747,North Carolina,2013,25-34,182.0
748,North Dakota,2013,25-34,
749,Ohio,2013,25-34,432.0
750,Oklahoma,2013,25-34,87.0
751,Oregon,2013,25-34,55.0
752,Pennsylvania,2013,25-34,290.0
753,Rhode Island,2013,25-34,42.0
754,South Carolina,2013,25-34,49.0
755,South Dakota,2013,25-34,
756,Tennessee,2013,25-34,149.0
757,Texas,2013,25-34,248.0
758,Utah,2013,25-34,120.0
759,Vermont,2013,25-34,
760,Virginia,2013,25-34,187.0
761,Washington,2013,25-34,127.0
762,West Virginia,2013,25-34,131.0
763,Wisconsin,2013,25-34,149.0
764,Wyoming,2013,25-34,
765,Alabama,2014,25-34,70.0
766,Alaska,2014,25-34,17.0
767,Arizona,2014,25-34,131.0
768,Arkansas,2014,25-34,31.0
769,California,2014,25-34,374.0
770,Colorado,2014,25-34,141.0
771,Connecticut,2014,25-34,127.0
772,Delaware,2014,25-34,
773,District of Columbia,2014,25-34,
774,Florida,2014,25-34,358.0
775,Georgia,2014,25-34,188.0
776,Hawaii,2014,25-34,
777,Idaho,2014,25-34,
778,Illinois,2014,25-34,314.0
779,Indiana,2014,25-34,128.0
780,Iowa,2014,25-34,28.0
781,Kansas,2014,25-34,40.0
782,Kentucky,2014,25-34,175.0
783,Louisiana,2014,25-34,73.0
784,Maine,2014,25-34,52.0
785,Maryland,2014,25-34,219.0
786,Massachusetts,2014,25-34,345.0
787,Michigan,2014,25-34,258.0
788,Minnesota,2014,25-34,73.0
789,Mississippi,2014,25-34,27.0
790,Missouri,2014,25-34,185.0
791,Montana,2014,25-34,
792,Nebraska,2014,25-34,17.0
793,Nevada,2014,25-34,65.0
794,New Hampshire,2014,25-34,97.0
795,New Jersey,2014,25-34,181.0
796,New Mexico,2014,25-34,95.0
797,New York,2014,25-34,449.0
798,North Carolina,2014,25-34,243.0
799,North Dakota,2014,25-34,11.0
800,Ohio,2014,25-34,560.0
801,Oklahoma,2014,25-34,92.0
802,Oregon,2014,25-34,78.0
803,Pennsylvania,2014,25-34,306.0
804,Rhode Island,2014,25-34,55.0
805,South Carolina,2014,25-34,81.0
806,South Dakota,2014,25-34,12.0
807,Tennessee,2014,25-34,196.0
808,Texas,2014,25-34,285.0
809,Utah,2014,25-34,118.0
810,Vermont,2014,25-34,
811,Virginia,2014,25-34,200.0
812,Washington,2014,25-34,129.0
813,West Virginia,2014,25-34,128.0
814,Wisconsin,2014,25-34,161.0
815,Wyoming,2014,25-34,14.0
816,Alabama,2015,25-34,75.0
817,Alaska,2015,25-34,24.0
818,Arizona,2015,25-34,149.0
819,Arkansas,2015,25-34,35.0
820,California,2015,25-34,390.0
821,Colorado,2015,25-34,148.0
822,Connecticut,2015,25-34,168.0
823,Delaware,2015,25-34,43.0
824,District of Columbia,2015,25-34,
825,Florida,2015,25-34,475.0
826,Georgia,2015,25-34,252.0
827,Hawaii,2015,25-34,
828,Idaho,2015,25-34,17.0
829,Illinois,2015,25-34,332.0
830,Indiana,2015,25-34,172.0
831,Iowa,2015,25-34,34.0
832,Kansas,2015,25-34,
833,Kentucky,2015,25-34,231.0
834,Louisiana,2015,25-34,75.0
835,Maine,2015,25-34,68.0
836,Maryland,2015,25-34,267.0
837,Massachusetts,2015,25-34,494.0
838,Michigan,2015,25-34,343.0
839,Minnesota,2015,25-34,87.0
840,Mississippi,2015,25-34,48.0
841,Missouri,2015,25-34,176.0
842,Montana,2015,25-34,10.0
843,Nebraska,2015,25-34,
844,Nevada,2015,25-34,81.0
845,New Hampshire,2015,25-34,129.0
846,New Jersey,2015,25-34,251.0
847,New Mexico,2015,25-34,82.0
848,New York,2015,25-34,593.0
849,North Carolina,2015,25-34,288.0
850,North Dakota,2015,25-34,10.0
851,Ohio,2015,25-34,783.0
852,Oklahoma,2015,25-34,86.0
853,Oregon,2015,25-34,71.0
854,Pennsylvania,2015,25-34,438.0
855,Rhode Island,2015,25-34,72.0
856,South Carolina,2015,25-34,131.0
857,South Dakota,2015,25-34,
858,Tennessee,2015,25-34,205.0
859,Texas,2015,25-34,329.0
860,Utah,2015,25-34,113.0
861,Vermont,2015,25-34,
862,Virginia,2015,25-34,230.0
863,Washington,2015,25-34,158.0
864,West Virginia,2015,25-34,125.0
865,Wisconsin,2015,25-34,172.0
866,Wyoming,2015,25-34,11.0
867,Alabama,2016,25-34,99.0
868,Alaska,2016,25-34,27.0
869,Arizona,2016,25-34,199.0
870,Arkansas,2016,25-34,36.0
871,California,2016,25-34,412.0
872,Colorado,2016,25-34,143.0
873,Connecticut,2016,25-34,225.0
874,Delaware,2016,25-34,54.0
875,District of Columbia,2016,25-34,
876,Florida,2016,25-34,815.0
877,Georgia,2016,25-34,243.0
878,Hawaii,2016,25-34,10.0
879,Idaho,2016,25-34,29.0
880,Illinois,2016,25-34,511.0
881,Indiana,2016,25-34,257.0
882,Iowa,2016,25-34,43.0
883,Kansas,2016,25-34,29.0
884,Kentucky,2016,25-34,219.0
885,Louisiana,2016,25-34,89.0
886,Maine,2016,25-34,88.0
887,Maryland,2016,25-34,463.0
888,Massachusetts,2016,25-34,629.0
889,Michigan,2016,25-34,495.0
890,Minnesota,2016,25-34,110.0
891,Mississippi,2016,25-34,44.0
892,Missouri,2016,25-34,266.0
893,Montana,2016,25-34,12.0
894,Nebraska,2016,25-34,16.0
895,Nevada,2016,25-34,74.0
896,New Hampshire,2016,25-34,151.0
897,New Jersey,2016,25-34,429.0
898,New Mexico,2016,25-34,91.0
899,New York,2016,25-34,863.0
900,North Carolina,2016,25-34,451.0
901,North Dakota,2016,25-34,13.0
902,Ohio,2016,25-34,1073.0
903,Oklahoma,2016,25-34,88.0
904,Oregon,2016,25-34,66.0
905,Pennsylvania,2016,25-34,752.0
906,Rhode Island,2016,25-34,77.0
907,South Carolina,2016,25-34,139.0
908,South Dakota,2016,25-34,14.0
909,Tennessee,2016,25-34,288.0
910,Texas,2016,25-34,330.0
911,Utah,2016,25-34,120.0
912,Vermont,2016,25-34,
913,Virginia,2016,25-34,341.0
914,Washington,2016,25-34,153.0
915,West Virginia,2016,25-34,181.0
916,Wisconsin,2016,25-34,237.0
917,Wyoming,2016,25-34,
918,Alabama,2017,25-34,122.0
919,Alaska,2017,25-34,
920,Arizona,2017,25-34,221.0
921,Arkansas,2017,25-34,53.0
922,California,2017,25-34,536.0
923,Colorado,2017,25-34,173.0
924,Connecticut,2017,25-34,261.0
925,Delaware,2017,25-34,65.0
926,District of Columbia,2017,25-34,
927,Florida,2017,25-34,947.0
928,Georgia,2017,25-34,279.0
929,Hawaii,2017,25-34,
930,Idaho,2017,25-34,
931,Illinois,2017,25-34,561.0
932,Indiana,2017,25-34,367.0
933,Iowa,2017,25-34,41.0
934,Kansas,2017,25-34,21.0
935,Kentucky,2017,25-34,303.0
936,Louisiana,2017,25-34,112.0
937,Maine,2017,25-34,115.0
938,Maryland,2017,25-34,534.0
939,Massachusetts,2017,25-34,587.0
940,Michigan,2017,25-34,572.0
941,Minnesota,2017,25-34,110.0
942,Mississippi,2017,25-34,44.0
943,Missouri,2017,25-34,279.0
944,Montana,2017,25-34,11.0
945,Nebraska,2017,25-34,
946,Nevada,2017,25-34,73.0
947,New Hampshire,2017,25-34,147.0
948,New Jersey,2017,25-34,541.0
949,New Mexico,2017,25-34,93.0
950,New York,2017,25-34,907.0
951,North Carolina,2017,25-34,589.0
952,North Dakota,2017,25-34,10.0
953,Ohio,2017,25-34,1263.0
954,Oklahoma,2017,25-34,73.0
955,Oregon,2017,25-34,76.0
956,Pennsylvania,2017,25-34,819.0
957,Rhode Island,2017,25-34,73.0
958,South Carolina,2017,25-34,193.0
959,South Dakota,2017,25-34,10.0
960,Tennessee,2017,25-34,303.0
961,Texas,2017,25-34,387.0
962,Utah,2017,25-34,117.0
963,Vermont,2017,25-34,37.0
964,Virginia,2017,25-34,366.0
965,Washington,2017,25-34,190.0
966,West Virginia,2017,25-34,212.0
967,Wisconsin,2017,25-34,281.0
968,Wyoming,2017,25-34,
969,Alabama,2018,25-34,95.0
970,Alaska,2018,25-34,14.0
971,Arizona,2018,25-34,283.0
972,Arkansas,2018,25-34,48.0
973,California,2018,25-34,610.0
974,Colorado,2018,25-34,159.0
975,Connecticut,2018,25-34,220.0
976,Delaware,2018,25-34,102.0
977,District of Columbia,2018,25-34,16.0
978,Florida,2018,25-34,898.0
979,Georgia,2018,25-34,220.0
980,Hawaii,2018,25-34,11.0
981,Idaho,2018,25-34,39.0
982,Illinois,2018,25-34,531.0
983,Indiana,2018,25-34,328.0
984,Iowa,2018,25-34,49.0
985,Kansas,2018,25-34,38.0
986,Kentucky,2018,25-34,273.0
987,Louisiana,2018,25-34,125.0
988,Maine,2018,25-34,80.0
989,Maryland,2018,25-34,511.0
990,Massachusetts,2018,25-34,630.0
991,Michigan,2018,25-34,533.0
992,Minnesota,2018,25-34,108.0
993,Mississippi,2018,25-34,41.0
994,Missouri,2018,25-34,329.0
995,Montana,2018,25-34,14.0
996,Nebraska,2018,25-34,17.0
997,Nevada,2018,25-34,79.0
998,New Hampshire,2018,25-34,133.0
999,New Jersey,2018,25-34,739.0
1000,New Mexico,2018,25-34,75.0
1001,New York,2018,25-34,829.0
1002,North Carolina,2018,25-34,541.0
1003,North Dakota,2018,25-34,12.0
1004,Ohio,2018,25-34,951.0
1005,Oklahoma,2018,25-34,80.0
1006,Oregon,2018,25-34,81.0
1007,Pennsylvania,2018,25-34,873.0
1008,Rhode Island,2018,25-34,61.0
1009,South Carolina,2018,25-34,206.0
1010,South Dakota,2018,25-34,
1011,Tennessee,2018,25-34,352.0
1012,Texas,2018,25-34,358.0
1013,Utah,2018,25-34,100.0
1014,Vermont,2018,25-34,44.0
1015,Virginia,2018,25-34,342.0
1016,Washington,2018,25-34,182.0
1017,West Virginia,2018,25-34,193.0
1018,Wisconsin,2018,25-34,268.0
1019,Wyoming,2018,25-34,10.0
1020,Alabama,2009,35-44,53.0
1021,Alaska,2009,35-44,18.0
1022,Arizona,2009,35-44,112.0
1023,Arkansas,2009,35-44,45.0
1024,California,2009,35-44,403.0
1025,Colorado,2009,35-44,82.0
1026,Connecticut,2009,35-44,57.0
1027,Delaware,2009,35-44,22.0
1028,District of Columbia,2009,35-44,
1029,Florida,2009,35-44,345.0
1030,Georgia,2009,35-44,111.0
1031,Hawaii,2009,35-44,11.0
1032,Idaho,2009,35-44,
1033,Illinois,2009,35-44,224.0
1034,Indiana,2009,35-44,70.0
1035,Iowa,2009,35-44,38.0
1036,Kansas,2009,35-44,44.0
1037,Kentucky,2009,35-44,126.0
1038,Louisiana,2009,35-44,30.0
1039,Maine,2009,35-44,27.0
1040,Maryland,2009,35-44,126.0
1041,Massachusetts,2009,35-44,141.0
1042,Michigan,2009,35-44,175.0
1043,Minnesota,2009,35-44,74.0
1044,Mississippi,2009,35-44,
1045,Missouri,2009,35-44,108.0
1046,Montana,2009,35-44,21.0
1047,Nebraska,2009,35-44,16.0
1048,Nevada,2009,35-44,96.0
1049,New Hampshire,2009,35-44,28.0
1050,New Jersey,2009,35-44,
1051,New Mexico,2009,35-44,50.0
1052,New York,2009,35-44,253.0
1053,North Carolina,2009,35-44,227.0
1054,North Dakota,2009,35-44,
1055,Ohio,2009,35-44,161.0
1056,Oklahoma,2009,35-44,122.0
1057,Oregon,2009,35-44,84.0
1058,Pennsylvania,2009,35-44,146.0
1059,Rhode Island,2009,35-44,29.0
1060,South Carolina,2009,35-44,52.0
1061,South Dakota,2009,35-44,
1062,Tennessee,2009,35-44,142.0
1063,Texas,2009,35-44,254.0
1064,Utah,2009,35-44,94.0
1065,Vermont,2009,35-44,
1066,Virginia,2009,35-44,130.0
1067,Washington,2009,35-44,161.0
1068,West Virginia,2009,35-44,43.0
1069,Wisconsin,2009,35-44,78.0
1070,Wyoming,2009,35-44,
1071,Alabama,2010,35-44,43.0
1072,Alaska,2010,35-44,17.0
1073,Arizona,2010,35-44,116.0
1074,Arkansas,2010,35-44,47.0
1075,California,2010,35-44,349.0
1076,Colorado,2010,35-44,65.0
1077,Connecticut,2010,35-44,63.0
1078,Delaware,2010,35-44,
1079,District of Columbia,2010,35-44,10.0
1080,Florida,2010,35-44,369.0
1081,Georgia,2010,35-44,126.0
1082,Hawaii,2010,35-44,
1083,Idaho,2010,35-44,
1084,Illinois,2010,35-44,214.0
1085,Indiana,2010,35-44,54.0
1086,Iowa,2010,35-44,39.0
1087,Kansas,2010,35-44,24.0
1088,Kentucky,2010,35-44,179.0
1089,Louisiana,2010,35-44,32.0
1090,Maine,2010,35-44,
1091,Maryland,2010,35-44,119.0
1092,Massachusetts,2010,35-44,137.0
1093,Michigan,2010,35-44,139.0
1094,Minnesota,2010,35-44,50.0
1095,Mississippi,2010,35-44,
1096,Missouri,2010,35-44,137.0
1097,Montana,2010,35-44,18.0
1098,Nebraska,2010,35-44,21.0
1099,Nevada,2010,35-44,95.0
1100,New Hampshire,2010,35-44,
1101,New Jersey,2010,35-44,94.0
1102,New Mexico,2010,35-44,38.0
1103,New York,2010,35-44,244.0
1104,North Carolina,2010,35-44,180.0
1105,North Dakota,2010,35-44,
1106,Ohio,2010,35-44,275.0
1107,Oklahoma,2010,35-44,122.0
1108,Oregon,2010,35-44,69.0
1109,Pennsylvania,2010,35-44,138.0
1110,Rhode Island,2010,35-44,
1111,South Carolina,2010,35-44,56.0
1112,South Dakota,2010,35-44,12.0
1113,Tennessee,2010,35-44,149.0
1114,Texas,2010,35-44,223.0
1115,Utah,2010,35-44,73.0
1116,Vermont,2010,35-44,
1117,Virginia,2010,35-44,100.0
1118,Washington,2010,35-44,118.0
1119,West Virginia,2010,35-44,131.0
1120,Wisconsin,2010,35-44,93.0
1121,Wyoming,2010,35-44,13.0
1122,Alabama,2011,35-44,37.0
1123,Alaska,2011,35-44,
1124,Arizona,2011,35-44,106.0
1125,Arkansas,2011,35-44,46.0
1126,California,2011,35-44,348.0
1127,Colorado,2011,35-44,95.0
1128,Connecticut,2011,35-44,47.0
1129,Delaware,2011,35-44,18.0
1130,District of Columbia,2011,35-44,
1131,Florida,2011,35-44,338.0
1132,Georgia,2011,35-44,132.0
1133,Hawaii,2011,35-44,16.0
1134,Idaho,2011,35-44,18.0
1135,Illinois,2011,35-44,199.0
1136,Indiana,2011,35-44,80.0
1137,Iowa,2011,35-44,41.0
1138,Kansas,2011,35-44,28.0
1139,Kentucky,2011,35-44,201.0
1140,Louisiana,2011,35-44,
1141,Maine,2011,35-44,
1142,Maryland,2011,35-44,103.0
1143,Massachusetts,2011,35-44,155.0
1144,Michigan,2011,35-44,168.0
1145,Minnesota,2011,35-44,61.0
1146,Mississippi,2011,35-44,28.0
1147,Missouri,2011,35-44,140.0
1148,Montana,2011,35-44,
1149,Nebraska,2011,35-44,
1150,Nevada,2011,35-44,87.0
1151,New Hampshire,2011,35-44,34.0
1152,New Jersey,2011,35-44,98.0
1153,New Mexico,2011,35-44,51.0
1154,New York,2011,35-44,278.0
1155,North Carolina,2011,35-44,194.0
1156,North Dakota,2011,35-44,
1157,Ohio,2011,35-44,288.0
1158,Oklahoma,2011,35-44,95.0
1159,Oregon,2011,35-44,98.0
1160,Pennsylvania,2011,35-44,157.0
1161,Rhode Island,2011,35-44,
1162,South Carolina,2011,35-44,58.0
1163,South Dakota,2011,35-44,10.0
1164,Tennessee,2011,35-44,171.0
1165,Texas,2011,35-44,229.0
1166,Utah,2011,35-44,88.0
1167,Vermont,2011,35-44,16.0
1168,Virginia,2011,35-44,152.0
1169,Washington,2011,35-44,158.0
1170,West Virginia,2011,35-44,163.0
1171,Wisconsin,2011,35-44,90.0
1172,Wyoming,2011,35-44,10.0
1173,Alabama,2012,35-44,44.0
1174,Alaska,2012,35-44,14.0
1175,Arizona,2012,35-44,107.0
1176,Arkansas,2012,35-44,40.0
1177,California,2012,35-44,290.0
1178,Colorado,2012,35-44,89.0
1179,Connecticut,2012,35-44,49.0
1180,Delaware,2012,35-44,16.0
1181,District of Columbia,2012,35-44,13.0
1182,Florida,2012,35-44,280.0
1183,Georgia,2012,35-44,131.0
1184,Hawaii,2012,35-44,
1185,Idaho,2012,35-44,
1186,Illinois,2012,35-44,241.0
1187,Indiana,2012,35-44,89.0
1188,Iowa,2012,35-44,45.0
1189,Kansas,2012,35-44,42.0
1190,Kentucky,2012,35-44,157.0
1191,Louisiana,2012,35-44,34.0
1192,Maine,2012,35-44,
1193,Maryland,2012,35-44,132.0
1194,Massachusetts,2012,35-44,169.0
1195,Michigan,2012,35-44,126.0
1196,Minnesota,2012,35-44,49.0
1197,Mississippi,2012,35-44,
1198,Missouri,2012,35-44,131.0
1199,Montana,2012,35-44,
1200,Nebraska,2012,35-44,13.0
1201,Nevada,2012,35-44,82.0
1202,New Hampshire,2012,35-44,34.0
1203,New Jersey,2012,35-44,142.0
1204,New Mexico,2012,35-44,84.0
1205,New York,2012,35-44,307.0
1206,North Carolina,2012,35-44,198.0
1207,North Dakota,2012,35-44,
1208,Ohio,2012,35-44,339.0
1209,Oklahoma,2012,35-44,107.0
1210,Oregon,2012,35-44,76.0
1211,Pennsylvania,2012,35-44,172.0
1212,Rhode Island,2012,35-44,30.0
1213,South Carolina,2012,35-44,55.0
1214,South Dakota,2012,35-44,
1215,Tennessee,2012,35-44,195.0
1216,Texas,2012,35-44,233.0
1217,Utah,2012,35-44,89.0
1218,Vermont,2012,35-44,
1219,Virginia,2012,35-44,142.0
1220,Washington,2012,35-44,126.0
1221,West Virginia,2012,35-44,153.0
1222,Wisconsin,2012,35-44,107.0
1223,Wyoming,2012,35-44,
1224,Alabama,2013,35-44,32.0
1225,Alaska,2013,35-44,
1226,Arizona,2013,35-44,102.0
1227,Arkansas,2013,35-44,31.0
1228,California,2013,35-44,332.0
1229,Colorado,2013,35-44,84.0
1230,Connecticut,2013,35-44,92.0
1231,Delaware,2013,35-44,
1232,District of Columbia,2013,35-44,
1233,Florida,2013,35-44,279.0
1234,Georgia,2013,35-44,125.0
1235,Hawaii,2013,35-44,
1236,Idaho,2013,35-44,
1237,Illinois,2013,35-44,217.0
1238,Indiana,2013,35-44,84.0
1239,Iowa,2013,35-44,47.0
1240,Kansas,2013,35-44,37.0
1241,Kentucky,2013,35-44,166.0
1242,Louisiana,2013,35-44,72.0
1243,Maine,2013,35-44,
1244,Maryland,2013,35-44,145.0
1245,Massachusetts,2013,35-44,214.0
1246,Michigan,2013,35-44,182.0
1247,Minnesota,2013,35-44,56.0
1248,Mississippi,2013,35-44,
1249,Missouri,2013,35-44,158.0
1250,Montana,2013,35-44,16.0
1251,Nebraska,2013,35-44,
1252,Nevada,2013,35-44,64.0
1253,New Hampshire,2013,35-44,33.0
1254,New Jersey,2013,35-44,133.0
1255,New Mexico,2013,35-44,76.0
1256,New York,2013,35-44,312.0
1257,North Carolina,2013,35-44,221.0
1258,North Dakota,2013,35-44,
1259,Ohio,2013,35-44,372.0
1260,Oklahoma,2013,35-44,100.0
1261,Oregon,2013,35-44,72.0
1262,Pennsylvania,2013,35-44,212.0
1263,Rhode Island,2013,35-44,39.0
1264,South Carolina,2013,35-44,63.0
1265,South Dakota,2013,35-44,
1266,Tennessee,2013,35-44,198.0
1267,Texas,2013,35-44,210.0
1268,Utah,2013,35-44,91.0
1269,Vermont,2013,35-44,
1270,Virginia,2013,35-44,143.0
1271,Washington,2013,35-44,137.0
1272,West Virginia,2013,35-44,125.0
1273,Wisconsin,2013,35-44,126.0
1274,Wyoming,2013,35-44,13.0
1275,Alabama,2014,35-44,56.0
1276,Alaska,2014,35-44,23.0
1277,Arizona,2014,35-44,106.0
1278,Arkansas,2014,35-44,50.0
1279,California,2014,35-44,320.0
1280,Colorado,2014,35-44,115.0
1281,Connecticut,2014,35-44,136.0
1282,Delaware,2014,35-44,
1283,District of Columbia,2014,35-44,
1284,Florida,2014,35-44,315.0
1285,Georgia,2014,35-44,157.0
1286,Hawaii,2014,35-44,
1287,Idaho,2014,35-44,
1288,Illinois,2014,35-44,282.0
1289,Indiana,2014,35-44,110.0
1290,Iowa,2014,35-44,36.0
1291,Kansas,2014,35-44,28.0
1292,Kentucky,2014,35-44,182.0
1293,Louisiana,2014,35-44,61.0
1294,Maine,2014,35-44,38.0
1295,Maryland,2014,35-44,183.0
1296,Massachusetts,2014,35-44,270.0
1297,Michigan,2014,35-44,228.0
1298,Minnesota,2014,35-44,81.0
1299,Mississippi,2014,35-44,19.0
1300,Missouri,2014,35-44,155.0
1301,Montana,2014,35-44,
1302,Nebraska,2014,35-44,16.0
1303,Nevada,2014,35-44,64.0
1304,New Hampshire,2014,35-44,62.0
1305,New Jersey,2014,35-44,156.0
1306,New Mexico,2014,35-44,98.0
1307,New York,2014,35-44,357.0
1308,North Carolina,2014,35-44,252.0
1309,North Dakota,2014,35-44,10.0
1310,Ohio,2014,35-44,534.0
1311,Oklahoma,2014,35-44,95.0
1312,Oregon,2014,35-44,62.0
1313,Pennsylvania,2014,35-44,245.0
1314,Rhode Island,2014,35-44,51.0
1315,South Carolina,2014,35-44,118.0
1316,South Dakota,2014,35-44,
1317,Tennessee,2014,35-44,214.0
1318,Texas,2014,35-44,240.0
1319,Utah,2014,35-44,117.0
1320,Vermont,2014,35-44,
1321,Virginia,2014,35-44,193.0
1322,Washington,2014,35-44,126.0
1323,West Virginia,2014,35-44,147.0
1324,Wisconsin,2014,35-44,131.0
1325,Wyoming,2014,35-44,
1326,Alabama,2015,35-44,74.0
1327,Alaska,2015,35-44,13.0
1328,Arizona,2015,35-44,148.0
1329,Arkansas,2015,35-44,59.0
1330,California,2015,35-44,342.0
1331,Colorado,2015,35-44,98.0
1332,Connecticut,2015,35-44,146.0
1333,Delaware,2015,35-44,29.0
1334,District of Columbia,2015,35-44,10.0
1335,Florida,2015,35-44,442.0
1336,Georgia,2015,35-44,189.0
1337,Hawaii,2015,35-44,12.0
1338,Idaho,2015,35-44,28.0
1339,Illinois,2015,35-44,324.0
1340,Indiana,2015,35-44,117.0
1341,Iowa,2015,35-44,44.0
1342,Kansas,2015,35-44,
1343,Kentucky,2015,35-44,248.0
1344,Louisiana,2015,35-44,78.0
1345,Maine,2015,35-44,58.0
1346,Maryland,2015,35-44,238.0
1347,Massachusetts,2015,35-44,384.0
1348,Michigan,2015,35-44,285.0
1349,Minnesota,2015,35-44,73.0
1350,Mississippi,2015,35-44,35.0
1351,Missouri,2015,35-44,151.0
1352,Montana,2015,35-44,13.0
1353,Nebraska,2015,35-44,
1354,Nevada,2015,35-44,75.0
1355,New Hampshire,2015,35-44,99.0
1356,New Jersey,2015,35-44,178.0
1357,New Mexico,2015,35-44,84.0
1358,New York,2015,35-44,447.0
1359,North Carolina,2015,35-44,278.0
1360,North Dakota,2015,35-44,
1361,Ohio,2015,35-44,711.0
1362,Oklahoma,2015,35-44,93.0
1363,Oregon,2015,35-44,66.0
1364,Pennsylvania,2015,35-44,301.0
1365,Rhode Island,2015,35-44,46.0
1366,South Carolina,2015,35-44,118.0
1367,South Dakota,2015,35-44,
1368,Tennessee,2015,35-44,260.0
1369,Texas,2015,35-44,235.0
1370,Utah,2015,35-44,112.0
1371,Vermont,2015,35-44,
1372,Virginia,2015,35-44,213.0
1373,Washington,2015,35-44,122.0
1374,West Virginia,2015,35-44,178.0
1375,Wisconsin,2015,35-44,136.0
1376,Wyoming,2015,35-44,11.0
1377,Alabama,2016,35-44,98.0
1378,Alaska,2016,35-44,22.0
1379,Arizona,2016,35-44,147.0
1380,Arkansas,2016,35-44,43.0
1381,California,2016,35-44,331.0
1382,Colorado,2016,35-44,123.0
1383,Connecticut,2016,35-44,195.0
1384,Delaware,2016,35-44,30.0
1385,District of Columbia,2016,35-44,
1386,Florida,2016,35-44,716.0
1387,Georgia,2016,35-44,195.0
1388,Hawaii,2016,35-44,15.0
1389,Idaho,2016,35-44,29.0
1390,Illinois,2016,35-44,462.0
1391,Indiana,2016,35-44,186.0
1392,Iowa,2016,35-44,39.0
1393,Kansas,2016,35-44,32.0
1394,Kentucky,2016,35-44,307.0
1395,Louisiana,2016,35-44,92.0
1396,Maine,2016,35-44,84.0
1397,Maryland,2016,35-44,374.0
1398,Massachusetts,2016,35-44,498.0
1399,Michigan,2016,35-44,407.0
1400,Minnesota,2016,35-44,87.0
1401,Mississippi,2016,35-44,40.0
1402,Missouri,2016,35-44,227.0
1403,Montana,2016,35-44,
1404,Nebraska,2016,35-44,10.0
1405,Nevada,2016,35-44,71.0
1406,New Hampshire,2016,35-44,107.0
1407,New Jersey,2016,35-44,292.0
1408,New Mexico,2016,35-44,77.0
1409,New York,2016,35-44,622.0
1410,North Carolina,2016,35-44,375.0
1411,North Dakota,2016,35-44,13.0
1412,Ohio,2016,35-44,915.0
1413,Oklahoma,2016,35-44,106.0
1414,Oregon,2016,35-44,66.0
1415,Pennsylvania,2016,35-44,511.0
1416,Rhode Island,2016,35-44,55.0
1417,South Carolina,2016,35-44,153.0
1418,South Dakota,2016,35-44,
1419,Tennessee,2016,35-44,279.0
1420,Texas,2016,35-44,259.0
1421,Utah,2016,35-44,130.0
1422,Vermont,2016,35-44,
1423,Virginia,2016,35-44,273.0
1424,Washington,2016,35-44,143.0
1425,West Virginia,2016,35-44,218.0
1426,Wisconsin,2016,35-44,212.0
1427,Wyoming,2016,35-44,13.0
1428,Alabama,2017,35-44,101.0
1429,Alaska,2017,35-44,
1430,Arizona,2017,35-44,185.0
1431,Arkansas,2017,35-44,38.0
1432,California,2017,35-44,380.0
1433,Colorado,2017,35-44,130.0
1434,Connecticut,2017,35-44,230.0
1435,Delaware,2017,35-44,63.0
1436,District of Columbia,2017,35-44,
1437,Florida,2017,35-44,840.0
1438,Georgia,2017,35-44,232.0
1439,Hawaii,2017,35-44,
1440,Idaho,2017,35-44,
1441,Illinois,2017,35-44,485.0
1442,Indiana,2017,35-44,306.0
1443,Iowa,2017,35-44,41.0
1444,Kansas,2017,35-44,31.0
1445,Kentucky,2017,35-44,353.0
1446,Louisiana,2017,35-44,119.0
1447,Maine,2017,35-44,96.0
1448,Maryland,2017,35-44,417.0
1449,Massachusetts,2017,35-44,466.0
1450,Michigan,2017,35-44,455.0
1451,Minnesota,2017,35-44,84.0
1452,Mississippi,2017,35-44,44.0
1453,Missouri,2017,35-44,256.0
1454,Montana,2017,35-44,
1455,Nebraska,2017,35-44,
1456,Nevada,2017,35-44,74.0
1457,New Hampshire,2017,35-44,95.0
1458,New Jersey,2017,35-44,419.0
1459,New Mexico,2017,35-44,76.0
1460,New York,2017,35-44,702.0
1461,North Carolina,2017,35-44,479.0
1462,North Dakota,2017,35-44,
1463,Ohio,2017,35-44,1136.0
1464,Oklahoma,2017,35-44,93.0
1465,Oregon,2017,35-44,71.0
1466,Pennsylvania,2017,35-44,636.0
1467,Rhode Island,2017,35-44,70.0
1468,South Carolina,2017,35-44,174.0
1469,South Dakota,2017,35-44,
1470,Tennessee,2017,35-44,307.0
1471,Texas,2017,35-44,301.0
1472,Utah,2017,35-44,109.0
1473,Vermont,2017,35-44,28.0
1474,Virginia,2017,35-44,308.0
1475,Washington,2017,35-44,128.0
1476,West Virginia,2017,35-44,240.0
1477,Wisconsin,2017,35-44,223.0
1478,Wyoming,2017,35-44,12.0
1479,Alabama,2018,35-44,115.0
1480,Alaska,2018,35-44,12.0
1481,Arizona,2018,35-44,232.0
1482,Arkansas,2018,35-44,55.0
1483,California,2018,35-44,432.0
1484,Colorado,2018,35-44,112.0
1485,Connecticut,2018,35-44,244.0
1486,Delaware,2018,35-44,103.0
1487,District of Columbia,2018,35-44,27.0
1488,Florida,2018,35-44,840.0
1489,Georgia,2018,35-44,230.0
1490,Hawaii,2018,35-44,14.0
1491,Idaho,2018,35-44,22.0
1492,Illinois,2018,35-44,505.0
1493,Indiana,2018,35-44,295.0
1494,Iowa,2018,35-44,31.0
1495,Kansas,2018,35-44,40.0
1496,Kentucky,2018,35-44,271.0
1497,Louisiana,2018,35-44,130.0
1498,Maine,2018,35-44,85.0
1499,Maryland,2018,35-44,448.0
1500,Massachusetts,2018,35-44,517.0
1501,Michigan,2018,35-44,472.0
1502,Minnesota,2018,35-44,64.0
1503,Mississippi,2018,35-44,43.0
1504,Missouri,2018,35-44,300.0
1505,Montana,2018,35-44,16.0
1506,Nebraska,2018,35-44,15.0
1507,Nevada,2018,35-44,64.0
1508,New Hampshire,2018,35-44,109.0
1509,New Jersey,2018,35-44,641.0
1510,New Mexico,2018,35-44,76.0
1511,New York,2018,35-44,636.0
1512,North Carolina,2018,35-44,466.0
1513,North Dakota,2018,35-44,14.0
1514,Ohio,2018,35-44,915.0
1515,Oklahoma,2018,35-44,58.0
1516,Oregon,2018,35-44,90.0
1517,Pennsylvania,2018,35-44,749.0
1518,Rhode Island,2018,35-44,78.0
1519,South Carolina,2018,35-44,208.0
1520,South Dakota,2018,35-44,
1521,Tennessee,2018,35-44,330.0
1522,Texas,2018,35-44,300.0
1523,Utah,2018,35-44,100.0
1524,Vermont,2018,35-44,33.0
1525,Virginia,2018,35-44,325.0
1526,Washington,2018,35-44,147.0
1527,West Virginia,2018,35-44,194.0
1528,Wisconsin,2018,35-44,199.0
1529,Wyoming,2018,35-44,
1530,Alabama,2009,45-54,52.0
1531,Alaska,2009,45-54,29.0
1532,Arizona,2009,45-54,191.0
1533,Arkansas,2009,45-54,61.0
1534,California,2009,45-54,657.0
1535,Colorado,2009,45-54,106.0
1536,Connecticut,2009,45-54,54.0
1537,Delaware,2009,45-54,21.0
1538,District of Columbia,2009,45-54,
1539,Florida,2009,45-54,480.0
1540,Georgia,2009,45-54,147.0
1541,Hawaii,2009,45-54,20.0
1542,Idaho,2009,45-54,
1543,Illinois,2009,45-54,233.0
1544,Indiana,2009,45-54,100.0
1545,Iowa,2009,45-54,32.0
1546,Kansas,2009,45-54,42.0
1547,Kentucky,2009,45-54,134.0
1548,Louisiana,2009,45-54,37.0
1549,Maine,2009,45-54,40.0
1550,Maryland,2009,45-54,185.0
1551,Massachusetts,2009,45-54,182.0
1552,Michigan,2009,45-54,228.0
1553,Minnesota,2009,45-54,71.0
1554,Mississippi,2009,45-54,
1555,Missouri,2009,45-54,137.0
1556,Montana,2009,45-54,38.0
1557,Nebraska,2009,45-54,26.0
1558,Nevada,2009,45-54,144.0
1559,New Hampshire,2009,45-54,35.0
1560,New Jersey,2009,45-54,
1561,New Mexico,2009,45-54,53.0
1562,New York,2009,45-54,333.0
1563,North Carolina,2009,45-54,230.0
1564,North Dakota,2009,45-54,
1565,Ohio,2009,45-54,189.0
1566,Oklahoma,2009,45-54,176.0
1567,Oregon,2009,45-54,122.0
1568,Pennsylvania,2009,45-54,153.0
1569,Rhode Island,2009,45-54,38.0
1570,South Carolina,2009,45-54,79.0
1571,South Dakota,2009,45-54,10.0
1572,Tennessee,2009,45-54,153.0
1573,Texas,2009,45-54,313.0
1574,Utah,2009,45-54,87.0
1575,Vermont,2009,45-54,12.0
1576,Virginia,2009,45-54,132.0
1577,Washington,2009,45-54,213.0
1578,West Virginia,2009,45-54,60.0
1579,Wisconsin,2009,45-54,118.0
1580,Wyoming,2009,45-54,
1581,Alabama,2010,45-54,44.0
1582,Alaska,2010,45-54,20.0
1583,Arizona,2010,45-54,168.0
1584,Arkansas,2010,45-54,35.0
1585,California,2010,45-54,573.0
1586,Colorado,2010,45-54,90.0
1587,Connecticut,2010,45-54,76.0
1588,Delaware,2010,45-54,
1589,District of Columbia,2010,45-54,14.0
1590,Florida,2010,45-54,452.0
1591,Georgia,2010,45-54,148.0
1592,Hawaii,2010,45-54,
1593,Idaho,2010,45-54,
1594,Illinois,2010,45-54,217.0
1595,Indiana,2010,45-54,77.0
1596,Iowa,2010,45-54,51.0
1597,Kansas,2010,45-54,36.0
1598,Kentucky,2010,45-54,158.0
1599,Louisiana,2010,45-54,31.0
1600,Maine,2010,45-54,
1601,Maryland,2010,45-54,156.0
1602,Massachusetts,2010,45-54,136.0
1603,Michigan,2010,45-54,206.0
1604,Minnesota,2010,45-54,67.0
1605,Mississippi,2010,45-54,
1606,Missouri,2010,45-54,145.0
1607,Montana,2010,45-54,10.0
1608,Nebraska,2010,45-54,14.0
1609,Nevada,2010,45-54,123.0
1610,New Hampshire,2010,45-54,
1611,New Jersey,2010,45-54,102.0
1612,New Mexico,2010,45-54,44.0
1613,New York,2010,45-54,332.0
1614,North Carolina,2010,45-54,237.0
1615,North Dakota,2010,45-54,
1616,Ohio,2010,45-54,320.0
1617,Oklahoma,2010,45-54,142.0
1618,Oregon,2010,45-54,93.0
1619,Pennsylvania,2010,45-54,151.0
1620,Rhode Island,2010,45-54,
1621,South Carolina,2010,45-54,91.0
1622,South Dakota,2010,45-54,
1623,Tennessee,2010,45-54,201.0
1624,Texas,2010,45-54,298.0
1625,Utah,2010,45-54,74.0
1626,Vermont,2010,45-54,
1627,Virginia,2010,45-54,110.0
1628,Washington,2010,45-54,207.0
1629,West Virginia,2010,45-54,114.0
1630,Wisconsin,2010,45-54,123.0
1631,Wyoming,2010,45-54,14.0
1632,Alabama,2011,45-54,56.0
1633,Alaska,2011,45-54,
1634,Arizona,2011,45-54,138.0
1635,Arkansas,2011,45-54,41.0
1636,California,2011,45-54,580.0
1637,Colorado,2011,45-54,98.0
1638,Connecticut,2011,45-54,51.0
1639,Delaware,2011,45-54,33.0
1640,District of Columbia,2011,45-54,19.0
1641,Florida,2011,45-54,460.0
1642,Georgia,2011,45-54,148.0
1643,Hawaii,2011,45-54,24.0
1644,Idaho,2011,45-54,19.0
1645,Illinois,2011,45-54,213.0
1646,Indiana,2011,45-54,94.0
1647,Iowa,2011,45-54,46.0
1648,Kansas,2011,45-54,31.0
1649,Kentucky,2011,45-54,192.0
1650,Louisiana,2011,45-54,
1651,Maine,2011,45-54,
1652,Maryland,2011,45-54,165.0
1653,Massachusetts,2011,45-54,165.0
1654,Michigan,2011,45-54,192.0
1655,Minnesota,2011,45-54,78.0
1656,Mississippi,2011,45-54,24.0
1657,Missouri,2011,45-54,156.0
1658,Montana,2011,45-54,
1659,Nebraska,2011,45-54,16.0
1660,Nevada,2011,45-54,127.0
1661,New Hampshire,2011,45-54,42.0
1662,New Jersey,2011,45-54,121.0
1663,New Mexico,2011,45-54,57.0
1664,New York,2011,45-54,387.0
1665,North Carolina,2011,45-54,233.0
1666,North Dakota,2011,45-54,
1667,Ohio,2011,45-54,408.0
1668,Oklahoma,2011,45-54,159.0
1669,Oregon,2011,45-54,96.0
1670,Pennsylvania,2011,45-54,180.0
1671,Rhode Island,2011,45-54,
1672,South Carolina,2011,45-54,67.0
1673,South Dakota,2011,45-54,
1674,Tennessee,2011,45-54,188.0
1675,Texas,2011,45-54,278.0
1676,Utah,2011,45-54,89.0
1677,Vermont,2011,45-54,13.0
1678,Virginia,2011,45-54,152.0
1679,Washington,2011,45-54,194.0
1680,West Virginia,2011,45-54,157.0
1681,Wisconsin,2011,45-54,120.0
1682,Wyoming,2011,45-54,
1683,Alabama,2012,45-54,42.0
1684,Alaska,2012,45-54,17.0
1685,Arizona,2012,45-54,140.0
1686,Arkansas,2012,45-54,38.0
1687,California,2012,45-54,471.0
1688,Colorado,2012,45-54,97.0
1689,Connecticut,2012,45-54,52.0
1690,Delaware,2012,45-54,23.0
1691,District of Columbia,2012,45-54,18.0
1692,Florida,2012,45-54,397.0
1693,Georgia,2012,45-54,146.0
1694,Hawaii,2012,45-54,
1695,Idaho,2012,45-54,
1696,Illinois,2012,45-54,302.0
1697,Indiana,2012,45-54,83.0
1698,Iowa,2012,45-54,52.0
1699,Kansas,2012,45-54,44.0
1700,Kentucky,2012,45-54,212.0
1701,Louisiana,2012,45-54,32.0
1702,Maine,2012,45-54,
1703,Maryland,2012,45-54,194.0
1704,Massachusetts,2012,45-54,192.0
1705,Michigan,2012,45-54,192.0
1706,Minnesota,2012,45-54,69.0
1707,Mississippi,2012,45-54,
1708,Missouri,2012,45-54,134.0
1709,Montana,2012,45-54,18.0
1710,Nebraska,2012,45-54,12.0
1711,Nevada,2012,45-54,136.0
1712,New Hampshire,2012,45-54,35.0
1713,New Jersey,2012,45-54,166.0
1714,New Mexico,2012,45-54,71.0
1715,New York,2012,45-54,414.0
1716,North Carolina,2012,45-54,240.0
1717,North Dakota,2012,45-54,
1718,Ohio,2012,45-54,373.0
1719,Oklahoma,2012,45-54,161.0
1720,Oregon,2012,45-54,107.0
1721,Pennsylvania,2012,45-54,193.0
1722,Rhode Island,2012,45-54,44.0
1723,South Carolina,2012,45-54,54.0
1724,South Dakota,2012,45-54,
1725,Tennessee,2012,45-54,203.0
1726,Texas,2012,45-54,269.0
1727,Utah,2012,45-54,118.0
1728,Vermont,2012,45-54,
1729,Virginia,2012,45-54,150.0
1730,Washington,2012,45-54,206.0
1731,West Virginia,2012,45-54,131.0
1732,Wisconsin,2012,45-54,115.0
1733,Wyoming,2012,45-54,13.0
1734,Alabama,2013,45-54,34.0
1735,Alaska,2013,45-54,
1736,Arizona,2013,45-54,132.0
1737,Arkansas,2013,45-54,34.0
1738,California,2013,45-54,502.0
1739,Colorado,2013,45-54,100.0
1740,Connecticut,2013,45-54,114.0
1741,Delaware,2013,45-54,
1742,District of Columbia,2013,45-54,15.0
1743,Florida,2013,45-54,361.0
1744,Georgia,2013,45-54,139.0
1745,Hawaii,2013,45-54,
1746,Idaho,2013,45-54,
1747,Illinois,2013,45-54,262.0
1748,Indiana,2013,45-54,77.0
1749,Iowa,2013,45-54,41.0
1750,Kansas,2013,45-54,42.0
1751,Kentucky,2013,45-54,184.0
1752,Louisiana,2013,45-54,46.0
1753,Maine,2013,45-54,
1754,Maryland,2013,45-54,210.0
1755,Massachusetts,2013,45-54,243.0
1756,Michigan,2013,45-54,232.0
1757,Minnesota,2013,45-54,83.0
1758,Mississippi,2013,45-54,
1759,Missouri,2013,45-54,161.0
1760,Montana,2013,45-54,26.0
1761,Nebraska,2013,45-54,13.0
1762,Nevada,2013,45-54,114.0
1763,New Hampshire,2013,45-54,45.0
1764,New Jersey,2013,45-54,178.0
1765,New Mexico,2013,45-54,84.0
1766,New York,2013,45-54,426.0
1767,North Carolina,2013,45-54,239.0
1768,North Dakota,2013,45-54,
1769,Ohio,2013,45-54,455.0
1770,Oklahoma,2013,45-54,149.0
1771,Oregon,2013,45-54,69.0
1772,Pennsylvania,2013,45-54,209.0
1773,Rhode Island,2013,45-54,68.0
1774,South Carolina,2013,45-54,78.0
1775,South Dakota,2013,45-54,13.0
1776,Tennessee,2013,45-54,210.0
1777,Texas,2013,45-54,236.0
1778,Utah,2013,45-54,98.0
1779,Vermont,2013,45-54,
1780,Virginia,2013,45-54,151.0
1781,Washington,2013,45-54,166.0
1782,West Virginia,2013,45-54,132.0
1783,Wisconsin,2013,45-54,138.0
1784,Wyoming,2013,45-54,13.0
1785,Alabama,2014,45-54,66.0
1786,Alaska,2014,45-54,10.0
1787,Arizona,2014,45-54,122.0
1788,Arkansas,2014,45-54,51.0
1789,California,2014,45-54,504.0
1790,Colorado,2014,45-54,106.0
1791,Connecticut,2014,45-54,147.0
1792,Delaware,2014,45-54,
1793,District of Columbia,2014,45-54,27.0
1794,Florida,2014,45-54,332.0
1795,Georgia,2014,45-54,155.0
1796,Hawaii,2014,45-54,18.0
1797,Idaho,2014,45-54,
1798,Illinois,2014,45-54,282.0
1799,Indiana,2014,45-54,102.0
1800,Iowa,2014,45-54,42.0
1801,Kansas,2014,45-54,44.0
1802,Kentucky,2014,45-54,186.0
1803,Louisiana,2014,45-54,55.0
1804,Maine,2014,45-54,46.0
1805,Maryland,2014,45-54,249.0
1806,Massachusetts,2014,45-54,279.0
1807,Michigan,2014,45-54,257.0
1808,Minnesota,2014,45-54,71.0
1809,Mississippi,2014,45-54,30.0
1810,Missouri,2014,45-54,177.0
1811,Montana,2014,45-54,
1812,Nebraska,2014,45-54,11.0
1813,Nevada,2014,45-54,98.0
1814,New Hampshire,2014,45-54,67.0
1815,New Jersey,2014,45-54,189.0
1816,New Mexico,2014,45-54,93.0
1817,New York,2014,45-54,422.0
1818,North Carolina,2014,45-54,231.0
1819,North Dakota,2014,45-54,
1820,Ohio,2014,45-54,490.0
1821,Oklahoma,2014,45-54,147.0
1822,Oregon,2014,45-54,78.0
1823,Pennsylvania,2014,45-54,222.0
1824,Rhode Island,2014,45-54,49.0
1825,South Carolina,2014,45-54,148.0
1826,South Dakota,2014,45-54,
1827,Tennessee,2014,45-54,263.0
1828,Texas,2014,45-54,249.0
1829,Utah,2014,45-54,99.0
1830,Vermont,2014,45-54,
1831,Virginia,2014,45-54,176.0
1832,Washington,2014,45-54,188.0
1833,West Virginia,2014,45-54,159.0
1834,Wisconsin,2014,45-54,151.0
1835,Wyoming,2014,45-54,16.0
1836,Alabama,2015,45-54,72.0
1837,Alaska,2015,45-54,15.0
1838,Arizona,2015,45-54,147.0
1839,Arkansas,2015,45-54,52.0
1840,California,2015,45-54,447.0
1841,Colorado,2015,45-54,94.0
1842,Connecticut,2015,45-54,176.0
1843,Delaware,2015,45-54,33.0
1844,District of Columbia,2015,45-54,35.0
1845,Florida,2015,45-54,384.0
1846,Georgia,2015,45-54,171.0
1847,Hawaii,2015,45-54,10.0
1848,Idaho,2015,45-54,22.0
1849,Illinois,2015,45-54,315.0
1850,Indiana,2015,45-54,106.0
1851,Iowa,2015,45-54,41.0
1852,Kansas,2015,45-54,
1853,Kentucky,2015,45-54,229.0
1854,Louisiana,2015,45-54,57.0
1855,Maine,2015,45-54,60.0
1856,Maryland,2015,45-54,286.0
1857,Massachusetts,2015,45-54,344.0
1858,Michigan,2015,45-54,305.0
1859,Minnesota,2015,45-54,71.0
1860,Mississippi,2015,45-54,38.0
1861,Missouri,2015,45-54,150.0
1862,Montana,2015,45-54,14.0
1863,Nebraska,2015,45-54,
1864,Nevada,2015,45-54,96.0
1865,New Hampshire,2015,45-54,73.0
1866,New Jersey,2015,45-54,210.0
1867,New Mexico,2015,45-54,89.0
1868,New York,2015,45-54,512.0
1869,North Carolina,2015,45-54,313.0
1870,North Dakota,2015,45-54,
1871,Ohio,2015,45-54,569.0
1872,Oklahoma,2015,45-54,114.0
1873,Oregon,2015,45-54,77.0
1874,Pennsylvania,2015,45-54,265.0
1875,Rhode Island,2015,45-54,55.0
1876,South Carolina,2015,45-54,141.0
1877,South Dakota,2015,45-54,
1878,Tennessee,2015,45-54,297.0
1879,Texas,2015,45-54,275.0
1880,Utah,2015,45-54,82.0
1881,Vermont,2015,45-54,
1882,Virginia,2015,45-54,171.0
1883,Washington,2015,45-54,177.0
1884,West Virginia,2015,45-54,171.0
1885,Wisconsin,2015,45-54,150.0
1886,Wyoming,2015,45-54,
1887,Alabama,2016,45-54,58.0
1888,Alaska,2016,45-54,17.0
1889,Arizona,2016,45-54,145.0
1890,Arkansas,2016,45-54,40.0
1891,California,2016,45-54,389.0
1892,Colorado,2016,45-54,103.0
1893,Connecticut,2016,45-54,218.0
1894,Delaware,2016,45-54,37.0
1895,District of Columbia,2016,45-54,
1896,Florida,2016,45-54,541.0
1897,Georgia,2016,45-54,207.0
1898,Hawaii,2016,45-54,10.0
1899,Idaho,2016,45-54,24.0
1900,Illinois,2016,45-54,442.0
1901,Indiana,2016,45-54,168.0
1902,Iowa,2016,45-54,47.0
1903,Kansas,2016,45-54,29.0
1904,Kentucky,2016,45-54,243.0
1905,Louisiana,2016,45-54,75.0
1906,Maine,2016,45-54,69.0
1907,Maryland,2016,45-54,480.0
1908,Massachusetts,2016,45-54,412.0
1909,Michigan,2016,45-54,381.0
1910,Minnesota,2016,45-54,78.0
1911,Mississippi,2016,45-54,41.0
1912,Missouri,2016,45-54,171.0
1913,Montana,2016,45-54,
1914,Nebraska,2016,45-54,
1915,Nevada,2016,45-54,98.0
1916,New Hampshire,2016,45-54,79.0
1917,New Jersey,2016,45-54,328.0
1918,New Mexico,2016,45-54,67.0
1919,New York,2016,45-54,665.0
1920,North Carolina,2016,45-54,319.0
1921,North Dakota,2016,45-54,11.0
1922,Ohio,2016,45-54,750.0
1923,Oklahoma,2016,45-54,100.0
1924,Oregon,2016,45-54,67.0
1925,Pennsylvania,2016,45-54,427.0
1926,Rhode Island,2016,45-54,78.0
1927,South Carolina,2016,45-54,159.0
1928,South Dakota,2016,45-54,
1929,Tennessee,2016,45-54,297.0
1930,Texas,2016,45-54,286.0
1931,Utah,2016,45-54,91.0
1932,Vermont,2016,45-54,
1933,Virginia,2016,45-54,225.0
1934,Washington,2016,45-54,149.0
1935,West Virginia,2016,45-54,176.0
1936,Wisconsin,2016,45-54,168.0
1937,Wyoming,2016,45-54,
1938,Alabama,2017,45-54,96.0
1939,Alaska,2017,45-54,
1940,Arizona,2017,45-54,176.0
1941,Arkansas,2017,45-54,39.0
1942,California,2017,45-54,402.0
1943,Colorado,2017,45-54,93.0
1944,Connecticut,2017,45-54,210.0
1945,Delaware,2017,45-54,59.0
1946,District of Columbia,2017,45-54,
1947,Florida,2017,45-54,653.0
1948,Georgia,2017,45-54,222.0
1949,Hawaii,2017,45-54,
1950,Idaho,2017,45-54,
1951,Illinois,2017,45-54,533.0
1952,Indiana,2017,45-54,228.0
1953,Iowa,2017,45-54,57.0
1954,Kansas,2017,45-54,35.0
1955,Kentucky,2017,45-54,278.0
1956,Louisiana,2017,45-54,93.0
1957,Maine,2017,45-54,79.0
1958,Maryland,2017,45-54,471.0
1959,Massachusetts,2017,45-54,432.0
1960,Michigan,2017,45-54,432.0
1961,Minnesota,2017,45-54,99.0
1962,Mississippi,2017,45-54,47.0
1963,Missouri,2017,45-54,162.0
1964,Montana,2017,45-54,
1965,Nebraska,2017,45-54,
1966,Nevada,2017,45-54,103.0
1967,New Hampshire,2017,45-54,94.0
1968,New Jersey,2017,45-54,480.0
1969,New Mexico,2017,45-54,69.0
1970,New York,2017,45-54,738.0
1971,North Carolina,2017,45-54,413.0
1972,North Dakota,2017,45-54,
1973,Ohio,2017,45-54,894.0
1974,Oklahoma,2017,45-54,100.0
1975,Oregon,2017,45-54,60.0
1976,Pennsylvania,2017,45-54,463.0
1977,Rhode Island,2017,45-54,68.0
1978,South Carolina,2017,45-54,180.0
1979,South Dakota,2017,45-54,
1980,Tennessee,2017,45-54,306.0
1981,Texas,2017,45-54,288.0
1982,Utah,2017,45-54,80.0
1983,Vermont,2017,45-54,16.0
1984,Virginia,2017,45-54,269.0
1985,Washington,2017,45-54,168.0
1986,West Virginia,2017,45-54,187.0
1987,Wisconsin,2017,45-54,175.0
1988,Wyoming,2017,45-54,15.0
1989,Alabama,2018,45-54,72.0
1990,Alaska,2018,45-54,15.0
1991,Arizona,2018,45-54,179.0
1992,Arkansas,2018,45-54,48.0
1993,California,2018,45-54,456.0
1994,Colorado,2018,45-54,96.0
1995,Connecticut,2018,45-54,230.0
1996,Delaware,2018,45-54,69.0
1997,District of Columbia,2018,45-54,44.0
1998,Florida,2018,45-54,653.0
1999,Georgia,2018,45-54,165.0
2000,Hawaii,2018,45-54,14.0
2001,Idaho,2018,45-54,21.0
2002,Illinois,2018,45-54,497.0
2003,Indiana,2018,45-54,197.0
2004,Iowa,2018,45-54,21.0
2005,Kansas,2018,45-54,32.0
2006,Kentucky,2018,45-54,215.0
2007,Louisiana,2018,45-54,85.0
2008,Maine,2018,45-54,64.0
2009,Maryland,2018,45-54,488.0
2010,Massachusetts,2018,45-54,414.0
2011,Michigan,2018,45-54,434.0
2012,Minnesota,2018,45-54,71.0
2013,Mississippi,2018,45-54,45.0
2014,Missouri,2018,45-54,186.0
2015,Montana,2018,45-54,
2016,Nebraska,2018,45-54,
2017,Nevada,2018,45-54,84.0
2018,New Hampshire,2018,45-54,91.0
2019,New Jersey,2018,45-54,568.0
2020,New Mexico,2018,45-54,67.0
2021,New York,2018,45-54,671.0
2022,North Carolina,2018,45-54,351.0
2023,North Dakota,2018,45-54,
2024,Ohio,2018,45-54,610.0
2025,Oklahoma,2018,45-54,56.0
2026,Oregon,2018,45-54,59.0
2027,Pennsylvania,2018,45-54,550.0
2028,Rhode Island,2018,45-54,48.0
2029,South Carolina,2018,45-54,175.0
2030,South Dakota,2018,45-54,
2031,Tennessee,2018,45-54,299.0
2032,Texas,2018,45-54,270.0
2033,Utah,2018,45-54,94.0
2034,Vermont,2018,45-54,28.0
2035,Virginia,2018,45-54,240.0
2036,Washington,2018,45-54,139.0
2037,West Virginia,2018,45-54,154.0
2038,Wisconsin,2018,45-54,168.0
2039,Wyoming,2018,45-54,
2040,Alabama,2009,55+,18.0
2041,Alaska,2009,55+,17.0
2042,Arizona,2009,55+,88.0
2043,Arkansas,2009,55+,17.0
2044,California,2009,55+,477.0
2045,Colorado,2009,55+,61.0
2046,Connecticut,2009,55+,24.0
2047,Delaware,2009,55+,
2048,District of Columbia,2009,55+,
2049,Florida,2009,55+,234.0
2050,Georgia,2009,55+,73.0
2051,Hawaii,2009,55+,14.0
2052,Idaho,2009,55+,
2053,Illinois,2009,55+,86.0
2054,Indiana,2009,55+,43.0
2055,Iowa,2009,55+,19.0
2056,Kansas,2009,55+,19.0
2057,Kentucky,2009,55+,45.0
2058,Louisiana,2009,55+,13.0
2059,Maine,2009,55+,13.0
2060,Maryland,2009,55+,88.0
2061,Massachusetts,2009,55+,80.0
2062,Michigan,2009,55+,103.0
2063,Minnesota,2009,55+,46.0
2064,Mississippi,2009,55+,
2065,Missouri,2009,55+,61.0
2066,Montana,2009,55+,
2067,Nebraska,2009,55+,11.0
2068,Nevada,2009,55+,87.0
2069,New Hampshire,2009,55+,18.0
2070,New Jersey,2009,55+,
2071,New Mexico,2009,55+,26.0
2072,New York,2009,55+,157.0
2073,North Carolina,2009,55+,95.0
2074,North Dakota,2009,55+,
2075,Ohio,2009,55+,82.0
2076,Oklahoma,2009,55+,95.0
2077,Oregon,2009,55+,64.0
2078,Pennsylvania,2009,55+,77.0
2079,Rhode Island,2009,55+,20.0
2080,South Carolina,2009,55+,37.0
2081,South Dakota,2009,55+,
2082,Tennessee,2009,55+,71.0
2083,Texas,2009,55+,162.0
2084,Utah,2009,55+,39.0
2085,Vermont,2009,55+,
2086,Virginia,2009,55+,53.0
2087,Washington,2009,55+,148.0
2088,West Virginia,2009,55+,19.0
2089,Wisconsin,2009,55+,73.0
2090,Wyoming,2009,55+,
2091,Alabama,2010,55+,15.0
2092,Alaska,2010,55+,
2093,Arizona,2010,55+,118.0
2094,Arkansas,2010,55+,24.0
2095,California,2010,55+,502.0
2096,Colorado,2010,55+,47.0
2097,Connecticut,2010,55+,21.0
2098,Delaware,2010,55+,
2099,District of Columbia,2010,55+,
2100,Florida,2010,55+,273.0
2101,Georgia,2010,55+,79.0
2102,Hawaii,2010,55+,
2103,Idaho,2010,55+,
2104,Illinois,2010,55+,91.0
2105,Indiana,2010,55+,28.0
2106,Iowa,2010,55+,14.0
2107,Kansas,2010,55+,11.0
2108,Kentucky,2010,55+,54.0
2109,Louisiana,2010,55+,13.0
2110,Maine,2010,55+,
2111,Maryland,2010,55+,52.0
2112,Massachusetts,2010,55+,77.0
2113,Michigan,2010,55+,111.0
2114,Minnesota,2010,55+,35.0
2115,Mississippi,2010,55+,
2116,Missouri,2010,55+,65.0
2117,Montana,2010,55+,
2118,Nebraska,2010,55+,
2119,Nevada,2010,55+,104.0
2120,New Hampshire,2010,55+,
2121,New Jersey,2010,55+,48.0
2122,New Mexico,2010,55+,29.0
2123,New York,2010,55+,172.0
2124,North Carolina,2010,55+,108.0
2125,North Dakota,2010,55+,
2126,Ohio,2010,55+,152.0
2127,Oklahoma,2010,55+,90.0
2128,Oregon,2010,55+,67.0
2129,Pennsylvania,2010,55+,74.0
2130,Rhode Island,2010,55+,
2131,South Carolina,2010,55+,37.0
2132,South Dakota,2010,55+,
2133,Tennessee,2010,55+,80.0
2134,Texas,2010,55+,180.0
2135,Utah,2010,55+,35.0
2136,Vermont,2010,55+,
2137,Virginia,2010,55+,36.0
2138,Washington,2010,55+,135.0
2139,West Virginia,2010,55+,53.0
2140,Wisconsin,2010,55+,65.0
2141,Wyoming,2010,55+,
2142,Alabama,2011,55+,20.0
2143,Alaska,2011,55+,
2144,Arizona,2011,55+,118.0
2145,Arkansas,2011,55+,15.0
2146,California,2011,55+,471.0
2147,Colorado,2011,55+,75.0
2148,Connecticut,2011,55+,24.0
2149,Delaware,2011,55+,14.0
2150,District of Columbia,2011,55+,17.0
2151,Florida,2011,55+,264.0
2152,Georgia,2011,55+,64.0
2153,Hawaii,2011,55+,24.0
2154,Idaho,2011,55+,14.0
2155,Illinois,2011,55+,105.0
2156,Indiana,2011,55+,46.0
2157,Iowa,2011,55+,26.0
2158,Kansas,2011,55+,19.0
2159,Kentucky,2011,55+,73.0
2160,Louisiana,2011,55+,
2161,Maine,2011,55+,
2162,Maryland,2011,55+,72.0
2163,Massachusetts,2011,55+,84.0
2164,Michigan,2011,55+,97.0
2165,Minnesota,2011,55+,60.0
2166,Mississippi,2011,55+,
2167,Missouri,2011,55+,69.0
2168,Montana,2011,55+,
2169,Nebraska,2011,55+,10.0
2170,Nevada,2011,55+,104.0
2171,New Hampshire,2011,55+,27.0
2172,New Jersey,2011,55+,59.0
2173,New Mexico,2011,55+,50.0
2174,New York,2011,55+,203.0
2175,North Carolina,2011,55+,107.0
2176,North Dakota,2011,55+,
2177,Ohio,2011,55+,172.0
2178,Oklahoma,2011,55+,77.0
2179,Oregon,2011,55+,80.0
2180,Pennsylvania,2011,55+,87.0
2181,Rhode Island,2011,55+,
2182,South Carolina,2011,55+,32.0
2183,South Dakota,2011,55+,
2184,Tennessee,2011,55+,85.0
2185,Texas,2011,55+,179.0
2186,Utah,2011,55+,51.0
2187,Vermont,2011,55+,
2188,Virginia,2011,55+,63.0
2189,Washington,2011,55+,153.0
2190,West Virginia,2011,55+,59.0
2191,Wisconsin,2011,55+,72.0
2192,Wyoming,2011,55+,11.0
2193,Alabama,2012,55+,16.0
2194,Alaska,2012,55+,12.0
2195,Arizona,2012,55+,111.0
2196,Arkansas,2012,55+,29.0
2197,California,2012,55+,475.0
2198,Colorado,2012,55+,78.0
2199,Connecticut,2012,55+,24.0
2200,Delaware,2012,55+,11.0
2201,District of Columbia,2012,55+,11.0
2202,Florida,2012,55+,287.0
2203,Georgia,2012,55+,86.0
2204,Hawaii,2012,55+,
2205,Idaho,2012,55+,
2206,Illinois,2012,55+,138.0
2207,Indiana,2012,55+,49.0
2208,Iowa,2012,55+,29.0
2209,Kansas,2012,55+,24.0
2210,Kentucky,2012,55+,98.0
2211,Louisiana,2012,55+,30.0
2212,Maine,2012,55+,
2213,Maryland,2012,55+,98.0
2214,Massachusetts,2012,55+,85.0
2215,Michigan,2012,55+,106.0
2216,Minnesota,2012,55+,58.0
2217,Mississippi,2012,55+,
2218,Missouri,2012,55+,78.0
2219,Montana,2012,55+,
2220,Nebraska,2012,55+,
2221,Nevada,2012,55+,119.0
2222,New Hampshire,2012,55+,13.0
2223,New Jersey,2012,55+,68.0
2224,New Mexico,2012,55+,65.0
2225,New York,2012,55+,272.0
2226,North Carolina,2012,55+,131.0
2227,North Dakota,2012,55+,
2228,Ohio,2012,55+,168.0
2229,Oklahoma,2012,55+,108.0
2230,Oregon,2012,55+,71.0
2231,Pennsylvania,2012,55+,96.0
2232,Rhode Island,2012,55+,27.0
2233,South Carolina,2012,55+,46.0
2234,South Dakota,2012,55+,
2235,Tennessee,2012,55+,116.0
2236,Texas,2012,55+,192.0
2237,Utah,2012,55+,66.0
2238,Vermont,2012,55+,
2239,Virginia,2012,55+,55.0
2240,Washington,2012,55+,171.0
2241,West Virginia,2012,55+,56.0
2242,Wisconsin,2012,55+,86.0
2243,Wyoming,2012,55+,10.0
2244,Alabama,2013,55+,27.0
2245,Alaska,2013,55+,
2246,Arizona,2013,55+,106.0
2247,Arkansas,2013,55+,34.0
2248,California,2013,55+,577.0
2249,Colorado,2013,55+,94.0
2250,Connecticut,2013,55+,75.0
2251,Delaware,2013,55+,
2252,District of Columbia,2013,55+,30.0
2253,Florida,2013,55+,274.0
2254,Georgia,2013,55+,99.0
2255,Hawaii,2013,55+,
2256,Idaho,2013,55+,
2257,Illinois,2013,55+,166.0
2258,Indiana,2013,55+,44.0
2259,Iowa,2013,55+,36.0
2260,Kansas,2013,55+,29.0
2261,Kentucky,2013,55+,104.0
2262,Louisiana,2013,55+,46.0
2263,Maine,2013,55+,
2264,Maryland,2013,55+,124.0
2265,Massachusetts,2013,55+,110.0
2266,Michigan,2013,55+,164.0
2267,Minnesota,2013,55+,55.0
2268,Mississippi,2013,55+,
2269,Missouri,2013,55+,90.0
2270,Montana,2013,55+,
2271,Nebraska,2013,55+,10.0
2272,Nevada,2013,55+,111.0
2273,New Hampshire,2013,55+,27.0
2274,New Jersey,2013,55+,89.0
2275,New Mexico,2013,55+,68.0
2276,New York,2013,55+,336.0
2277,North Carolina,2013,55+,118.0
2278,North Dakota,2013,55+,
2279,Ohio,2013,55+,241.0
2280,Oklahoma,2013,55+,127.0
2281,Oregon,2013,55+,83.0
2282,Pennsylvania,2013,55+,135.0
2283,Rhode Island,2013,55+,28.0
2284,South Carolina,2013,55+,45.0
2285,South Dakota,2013,55+,
2286,Tennessee,2013,55+,157.0
2287,Texas,2013,55+,210.0
2288,Utah,2013,55+,68.0
2289,Vermont,2013,55+,
2290,Virginia,2013,55+,100.0
2291,Washington,2013,55+,159.0
2292,West Virginia,2013,55+,70.0
2293,Wisconsin,2013,55+,103.0
2294,Wyoming,2013,55+,
2295,Alabama,2014,55+,53.0
2296,Alaska,2014,55+,14.0
2297,Arizona,2014,55+,168.0
2298,Arkansas,2014,55+,24.0
2299,California,2014,55+,648.0
2300,Colorado,2014,55+,109.0
2301,Connecticut,2014,55+,70.0
2302,Delaware,2014,55+,
2303,District of Columbia,2014,55+,24.0
2304,Florida,2014,55+,295.0
2305,Georgia,2014,55+,121.0
2306,Hawaii,2014,55+,21.0
2307,Idaho,2014,55+,
2308,Illinois,2014,55+,200.0
2309,Indiana,2014,55+,64.0
2310,Iowa,2014,55+,31.0
2311,Kansas,2014,55+,43.0
2312,Kentucky,2014,55+,135.0
2313,Louisiana,2014,55+,48.0
2314,Maine,2014,55+,24.0
2315,Maryland,2014,55+,177.0
2316,Massachusetts,2014,55+,143.0
2317,Michigan,2014,55+,206.0
2318,Minnesota,2014,55+,59.0
2319,Mississippi,2014,55+,23.0
2320,Missouri,2014,55+,103.0
2321,Montana,2014,55+,
2322,Nebraska,2014,55+,
2323,Nevada,2014,55+,114.0
2324,New Hampshire,2014,55+,40.0
2325,New Jersey,2014,55+,111.0
2326,New Mexico,2014,55+,85.0
2327,New York,2014,55+,311.0
2328,North Carolina,2014,55+,147.0
2329,North Dakota,2014,55+,
2330,Ohio,2014,55+,328.0
2331,Oklahoma,2014,55+,134.0
2332,Oregon,2014,55+,90.0
2333,Pennsylvania,2014,55+,149.0
2334,Rhode Island,2014,55+,39.0
2335,South Carolina,2014,55+,128.0
2336,South Dakota,2014,55+,
2337,Tennessee,2014,55+,141.0
2338,Texas,2014,55+,234.0
2339,Utah,2014,55+,85.0
2340,Vermont,2014,55+,
2341,Virginia,2014,55+,116.0
2342,Washington,2014,55+,172.0
2343,West Virginia,2014,55+,88.0
2344,Wisconsin,2014,55+,117.0
2345,Wyoming,2014,55+,12.0
2346,Alabama,2015,55+,36.0
2347,Alaska,2015,55+,18.0
2348,Arizona,2015,55+,148.0
2349,Arkansas,2015,55+,39.0
2350,California,2015,55+,660.0
2351,Colorado,2015,55+,112.0
2352,Connecticut,2015,55+,132.0
2353,Delaware,2015,55+,16.0
2354,District of Columbia,2015,55+,45.0
2355,Florida,2015,55+,376.0
2356,Georgia,2015,55+,152.0
2357,Hawaii,2015,55+,28.0
2358,Idaho,2015,55+,12.0
2359,Illinois,2015,55+,254.0
2360,Indiana,2015,55+,71.0
2361,Iowa,2015,55+,35.0
2362,Kansas,2015,55+,
2363,Kentucky,2015,55+,119.0
2364,Louisiana,2015,55+,54.0
2365,Maine,2015,55+,35.0
2366,Maryland,2015,55+,209.0
2367,Massachusetts,2015,55+,174.0
2368,Michigan,2015,55+,253.0
2369,Minnesota,2015,55+,73.0
2370,Mississippi,2015,55+,24.0
2371,Missouri,2015,55+,131.0
2372,Montana,2015,55+,
2373,Nebraska,2015,55+,
2374,Nevada,2015,55+,133.0
2375,New Hampshire,2015,55+,38.0
2376,New Jersey,2015,55+,118.0
2377,New Mexico,2015,55+,64.0
2378,New York,2015,55+,368.0
2379,North Carolina,2015,55+,183.0
2380,North Dakota,2015,55+,
2381,Ohio,2015,55+,394.0
2382,Oklahoma,2015,55+,108.0
2383,Oregon,2015,55+,94.0
2384,Pennsylvania,2015,55+,190.0
2385,Rhode Island,2015,55+,58.0
2386,South Carolina,2015,55+,131.0
2387,South Dakota,2015,55+,
2388,Tennessee,2015,55+,205.0
2389,Texas,2015,55+,279.0
2390,Utah,2015,55+,102.0
2391,Vermont,2015,55+,
2392,Virginia,2015,55+,115.0
2393,Washington,2015,55+,182.0
2394,West Virginia,2015,55+,113.0
2395,Wisconsin,2015,55+,112.0
2396,Wyoming,2015,55+,12.0
2397,Alabama,2016,55+,51.0
2398,Alaska,2016,55+,15.0
2399,Arizona,2016,55+,170.0
2400,Arkansas,2016,55+,37.0
2401,California,2016,55+,668.0
2402,Colorado,2016,55+,100.0
2403,Connecticut,2016,55+,157.0
2404,Delaware,2016,55+,20.0
2405,District of Columbia,2016,55+,
2406,Florida,2016,55+,479.0
2407,Georgia,2016,55+,193.0
2408,Hawaii,2016,55+,30.0
2409,Idaho,2016,55+,27.0
2410,Illinois,2016,55+,349.0
2411,Indiana,2016,55+,114.0
2412,Iowa,2016,55+,30.0
2413,Kansas,2016,55+,42.0
2414,Kentucky,2016,55+,144.0
2415,Louisiana,2016,55+,55.0
2416,Maine,2016,55+,35.0
2417,Maryland,2016,55+,363.0
2418,Massachusetts,2016,55+,286.0
2419,Michigan,2016,55+,326.0
2420,Minnesota,2016,55+,60.0
2421,Mississippi,2016,55+,42.0
2422,Missouri,2016,55+,134.0
2423,Montana,2016,55+,11.0
2424,Nebraska,2016,55+,10.0
2425,Nevada,2016,55+,126.0
2426,New Hampshire,2016,55+,45.0
2427,New Jersey,2016,55+,203.0
2428,New Mexico,2016,55+,76.0
2429,New York,2016,55+,538.0
2430,North Carolina,2016,55+,209.0
2431,North Dakota,2016,55+,
2432,Ohio,2016,55+,555.0
2433,Oklahoma,2016,55+,119.0
2434,Oregon,2016,55+,75.0
2435,Pennsylvania,2016,55+,300.0
2436,Rhode Island,2016,55+,47.0
2437,South Carolina,2016,55+,119.0
2438,South Dakota,2016,55+,10.0
2439,Tennessee,2016,55+,234.0
2440,Texas,2016,55+,302.0
2441,Utah,2016,55+,84.0
2442,Vermont,2016,55+,
2443,Virginia,2016,55+,172.0
2444,Washington,2016,55+,203.0
2445,West Virginia,2016,55+,111.0
2446,Wisconsin,2016,55+,148.0
2447,Wyoming,2016,55+,13.0
2448,Alabama,2017,55+,72.0
2449,Alaska,2017,55+,
2450,Arizona,2017,55+,228.0
2451,Arkansas,2017,55+,38.0
2452,California,2017,55+,671.0
2453,Colorado,2017,55+,124.0
2454,Connecticut,2017,55+,164.0
2455,Delaware,2017,55+,38.0
2456,District of Columbia,2017,55+,
2457,Florida,2017,55+,587.0
2458,Georgia,2017,55+,181.0
2459,Hawaii,2017,55+,27.0
2460,Idaho,2017,55+,
2461,Illinois,2017,55+,442.0
2462,Indiana,2017,55+,160.0
2463,Iowa,2017,55+,39.0
2464,Kansas,2017,55+,40.0
2465,Kentucky,2017,55+,150.0
2466,Louisiana,2017,55+,65.0
2467,Maine,2017,55+,46.0
2468,Maryland,2017,55+,421.0
2469,Massachusetts,2017,55+,296.0
2470,Michigan,2017,55+,412.0
2471,Minnesota,2017,55+,72.0
2472,Mississippi,2017,55+,38.0
2473,Missouri,2017,55+,151.0
2474,Montana,2017,55+,12.0
2475,Nebraska,2017,55+,
2476,Nevada,2017,55+,123.0
2477,New Hampshire,2017,55+,48.0
2478,New Jersey,2017,55+,334.0
2479,New Mexico,2017,55+,68.0
2480,New York,2017,55+,606.0
2481,North Carolina,2017,55+,257.0
2482,North Dakota,2017,55+,
2483,Ohio,2017,55+,664.0
2484,Oklahoma,2017,55+,97.0
2485,Oregon,2017,55+,97.0
2486,Pennsylvania,2017,55+,353.0
2487,Rhode Island,2017,55+,50.0
2488,South Carolina,2017,55+,138.0
2489,South Dakota,2017,55+,11.0
2490,Tennessee,2017,55+,248.0
2491,Texas,2017,55+,307.0
2492,Utah,2017,55+,107.0
2493,Vermont,2017,55+,18.0
2494,Virginia,2017,55+,195.0
2495,Washington,2017,55+,188.0
2496,West Virginia,2017,55+,143.0
2497,Wisconsin,2017,55+,156.0
2498,Wyoming,2017,55+,
2499,Alabama,2018,55+,72.0
2500,Alaska,2018,55+,21.0
2501,Arizona,2018,55+,227.0
2502,Arkansas,2018,55+,34.0
2503,California,2018,55+,686.0
2504,Colorado,2018,55+,137.0
2505,Connecticut,2018,55+,186.0
2506,Delaware,2018,55+,65.0
2507,District of Columbia,2018,55+,101.0
2508,Florida,2018,55+,611.0
2509,Georgia,2018,55+,183.0
2510,Hawaii,2018,55+,18.0
2511,Idaho,2018,55+,27.0
2512,Illinois,2018,55+,462.0
2513,Indiana,2018,55+,181.0
2514,Iowa,2018,55+,25.0
2515,Kansas,2018,55+,33.0
2516,Kentucky,2018,55+,158.0
2517,Louisiana,2018,55+,77.0
2518,Maine,2018,55+,41.0
2519,Maryland,2018,55+,521.0
2520,Massachusetts,2018,55+,317.0
2521,Michigan,2018,55+,443.0
2522,Minnesota,2018,55+,58.0
2523,Mississippi,2018,55+,36.0
2524,Missouri,2018,55+,184.0
2525,Montana,2018,55+,18.0
2526,Nebraska,2018,55+,17.0
2527,Nevada,2018,55+,129.0
2528,New Hampshire,2018,55+,48.0
2529,New Jersey,2018,55+,437.0
2530,New Mexico,2018,55+,85.0
2531,New York,2018,55+,631.0
2532,North Carolina,2018,55+,257.0
2533,North Dakota,2018,55+,
2534,Ohio,2018,55+,529.0
2535,Oklahoma,2018,55+,89.0
2536,Oregon,2018,55+,89.0
2537,Pennsylvania,2018,55+,473.0
2538,Rhode Island,2018,55+,63.0
2539,South Carolina,2018,55+,168.0
2540,South Dakota,2018,55+,
2541,Tennessee,2018,55+,229.0
2542,Texas,2018,55+,325.0
2543,Utah,2018,55+,98.0
2544,Vermont,2018,55+,15.0
2545,Virginia,2018,55+,196.0
2546,Washington,2018,55+,198.0
2547,West Virginia,2018,55+,113.0
2548,Wisconsin,2018,55+,155.0
2549,Wyoming,2018,55+,15.0
